SECTION,STATION,SIGNAL NAME,CUMMULATIVE DISTANT(IN Meter)
NGP-BSP,NGP,NGP STR,0
NGP-BSP,NGP,NGP INT STR,391.04
NGP-BSP,NGP,NGP ADV STR,1150.42
NGP-BSP,NGP,NGP GATE SIG,1728.18
NGP-BSP,NGP,NEU SEC AHEAD,2315.67
NGP-BSP,NGP,GATE IN DIST,3197.96
NGP-BSP,NGP,NGP GATE SIG,4580.22
NGP-BSP,NGP,KAV HOME,4857.52
NGP-BSP,KAV,KAV STR,6405.7
NGP-BSP,KAV,KAV ADV STR,7279.3
NGP-BSP,KAV,A:A2,8272.98
NGP-BSP,KAV,A:A4,10534.94
NGP-BSP,KAV,A:A6,11411.45
NGP-BSP,KAV,KP HOME,12985.42
NGP-BSP,KP,KP STR,14087.59
NGP-BSP,KP,KP ADV STR,14559.95
NGP-BSP,KP,A:A10,15786.23
NGP-BSP,KP,KNHN HOME,16819.6
NGP-BSP,KNHN,KNHN STR,18571.7
NGP-BSP,KNHN,KNHN ADV STR,19380.94
NGP-BSP,KNHN,NEU SEC AHEAD,20207.28
NGP-BSP,KNHN,A:A12,20631.63
NGP-BSP,KNHN,A:A14,21702.7
NGP-BSP,KNHN,SAL HOME,23022.78
NGP-BSP,SAL,SAL STR,24444.21
NGP-BSP,SAL,SAL ADV STR,24910.72
NGP-BSP,SAL,A:A20,26142.52
NGP-BSP,SAL,SA G:A22,27124.74
NGP-BSP,SAL,A:A24,27956.64
NGP-BSP,SAL,CHCR HOME,29585.02
NGP-BSP,CHCR,CHCR STR,30946.01
NGP-BSP,CHCR,CHCR ADV STR,31410.64
NGP-BSP,CHCR,A:A30,32440.61
NGP-BSP,CHCR,A:A32,33557.41
NGP-BSP,CHCR,SA G:A34,34757.77
NGP-BSP,CHCR,TAR HOME,36232.63
NGP-BSP,TAR,TAR STR,37372.61
NGP-BSP,TAR,TAR ADV STR,37895.8
NGP-BSP,TAR,A:A36,39062.75
NGP-BSP,TAR,NEU SEC AHEAD,39533.45
NGP-BSP,TAR,A:A38,40452.86
NGP-BSP,TAR,RRL HOME,41769.61
NGP-BSP,RRL,RRL STR,42915.59
NGP-BSP,RRL,RRL ADV STR,43295.61
NGP-BSP,RRL,A:A40,45076.56
NGP-BSP,RRL,A:A42,46159.28
NGP-BSP,RRL,A:A44,47319.88
NGP-BSP,RRL,A:A46,49115.38
NGP-BSP,RRL,KT HOME,50674.84
NGP-BSP,KT,KT STR,52016.36
NGP-BSP,KT,KT ADV STR,52252.68
NGP-BSP,KT,SA G:A48,53436.99
NGP-BSP,KT,A:A50,54628.8
NGP-BSP,KT,SA G:A52,56249.19
NGP-BSP,KT,A:A54,57374.04
NGP-BSP,KT,A:A56,58516.31
NGP-BSP,KT,A:A58,59727.92
NGP-BSP,KT,BRD HOME,60730.45
NGP-BSP,BRD,BRD STR,62053.94
NGP-BSP,BRD,BRD ADV STR,62460.41
NGP-BSP,BRD,A:A60,63620.77
NGP-BSP,BRD,NEU SEC AHEAD,64464.65
NGP-BSP,BRD,A:A62,65000.84
NGP-BSP,BRD,SA G:A64,66428.79
NGP-BSP,BRD,A:A66,67606.69
NGP-BSP,BRD,K HOME,68599.43
NGP-BSP,K,K STR,69726.17
NGP-BSP,K,K ADV STR,70077.16
NGP-BSP,K,A:A68,71111.98
NGP-BSP,K,A:A70,72111.58
NGP-BSP,K,SA G:A72,73113.75
NGP-BSP,K,A:A74,74534.37
NGP-BSP,K,SA G:A76,76068.34
NGP-BSP,K,A:A78,77374.34
NGP-BSP,K,TMR HOME,78297.2
NGP-BSP,TMR,TMR STR,79839.6
NGP-BSP,TMR,TMR ADV STR,80336.37
NGP-BSP,TMR,A:A80,81335.82
NGP-BSP,TMR,SA G:A82,82369.66
NGP-BSP,TMR,NEU SEC AHEAD,82727.09
NGP-BSP,TMR,A:A84,83357.14
NGP-BSP,TMR,A:A86,84595.84
NGP-BSP,TMR,A:A88,85657.43
NGP-BSP,TMR,A:A90,86725.32
NGP-BSP,TMR,A:A92,87815.07
NGP-BSP,TMR,MNU HOME,88809.55
NGP-BSP,MNU,MNU STR,90085.52
NGP-BSP,MNU,MNU ADV STR,90379.53
NGP-BSP,MNU,A:A94,91410.52
NGP-BSP,MNU,A:A96,92570.96
NGP-BSP,MNU,SA G:A98,93575.11
NGP-BSP,MNU,A:A100,94854.18
NGP-BSP,MNU,SA G:A102,95846.89
NGP-BSP,MNU,A:A104,97369.16
NGP-BSP,MNU,TRO HOME,98658.81
NGP-BSP,TRO,TRO STR,99932.44
NGP-BSP,TRO,TRO ADV STR,100455.73
NGP-BSP,TRO,SA G:A106,101812.59
NGP-BSP,TRO,NEU SEC AHEAD,102532.04
NGP-BSP,TRO,A:A108,103026.55
NGP-BSP,TRO,SA G:A110,104152.79
NGP-BSP,TRO,KWN HOME,105787.98
NGP-BSP,KWN,KWN STR,107009.46
NGP-BSP,KWN,KWN INT STR,107432.1
NGP-BSP,KWN,KWN ADV STR,107945.53
NGP-BSP,KWN,A:A112,108952.34
NGP-BSP,KWN,A:A114,110116.2
NGP-BSP,KWN,A:A116,111122.48
NGP-BSP,KWN,SA G:A118,112111.22
NGP-BSP,KWN,A:A120,113130.64
NGP-BSP,KWN,GJ HOME,114110.05
NGP-BSP,GJ,GJ STR,115623.19
NGP-BSP,GJ,GJ ADV STR,115975.48
NGP-BSP,GJ,A:A122,117303.87
NGP-BSP,GJ,A:A124,118343.01
NGP-BSP,GJ,SA G:A126,119363.71
NGP-BSP,GJ,SA G:A128,121258.69
NGP-BSP,GJ,A:A130,122309.72
NGP-BSP,GJ,A:A132,123445.81
NGP-BSP,GJ,SA G:A134,124582.2
NGP-BSP,GJ,SA G:A136,125601.11
NGP-BSP,GJ,SA G:A138,126804.83
NGP-BSP,GJ,G HOME,127632.01
NGP-BSP,G,G INT HOME,128165.81
NGP-BSP,G,G STR,129502.6
NGP-BSP,G,G INT STR,129879.62
NGP-BSP,G,G ADV STR,130376.61
NGP-BSP,G,SA G:A142,130937.76
NGP-BSP,G,NEU SEC AHEAD,131628.38
NGP-BSP,G,A:A144,132907.82
NGP-BSP,G,A:A146,133907.72
NGP-BSP,G,SA G:A148,134968.33
NGP-BSP,G,A:A150,136423.72
NGP-BSP,G,A:A152,137456.08
NGP-BSP,G,SA G:A154,138456.83
NGP-BSP,G,GDM HOME,139645.45
NGP-BSP,GDM,GDM STR,141143.88
NGP-BSP,GDM,GDM ADV STR,141537.26
NGP-BSP,GDM,SA G:A158,143588.07
NGP-BSP,GDM,A:A160,144615.25
NGP-BSP,GDM,SA G:A162,146030.38
NGP-BSP,GDM,A:A164,147261.7
NGP-BSP,GDM,SA G:A166,149092.06
NGP-BSP,GDM,NEU SEC AHEAD,149230.82
NGP-BSP,GDM,AGN HOME,150816.33
NGP-BSP,AGN,AGN STR,151977.49
NGP-BSP,AGN,AGN ADV STR,152510.36
NGP-BSP,AGN,SA G:A168,154423.74
NGP-BSP,AGN,SA G:A170,155622.9
NGP-BSP,AGN,A:A172,157056.93
NGP-BSP,AGN,DNL HOME,158246.16
NGP-BSP,DNL,DNL STR,159158.82
NGP-BSP,DNL,DNL ADV STR,159502.58
NGP-BSP,DNL,A:A178,160464.96
NGP-BSP,DNL,SA G:A180,161470.64
NGP-BSP,DNL,A:A182,162807.8
NGP-BSP,DNL,SA G:A184,163331.56
NGP-BSP,DNL,SA G:A186,165209.58
NGP-BSP,DNL,SKS HOME,165793.2
NGP-BSP,SKS,SKS STR,167019.85
NGP-BSP,SKS,SKS ADV STR,167278.25
NGP-BSP,SKS,SA G:A188,167925.08
NGP-BSP,SKS,NEU SEC AHEAD,168801.98
NGP-BSP,SKS,A:A190,169233.22
NGP-BSP,SKS,SA G:A192,170115.76
NGP-BSP,SKS,SA G:A194,172329.1
NGP-BSP,DKS,A:A196,174215.85
NGP-BSP,SKS,DKS HOME,176536.61
NGP-BSP,DKS,DKS STR,177615.29
NGP-BSP,DKS,DKS ADV STR,178027.09
NGP-BSP,DKS,A:A202,179518.04
NGP-BSP,DKS,SA G:A204,180533.22
NGP-BSP,DKS,A:A206,181724.83
NGP-BSP,DKS,A:A208,182793.59
NGP-BSP,DKS,BTL HOME,183698.9
NGP-BSP,BTL,BTL STR,185289.88
NGP-BSP,BTL,BTL ADV STR,185678.43
NGP-BSP,BTL,A:A210,186792.39
NGP-BSP,BTL,A:A212,188408.02
NGP-BSP,BTL,A:A214,189281.02
NGP-BSP,BTL,NEU SEC AHEAD,190073.14
NGP-BSP,BTL,SA G:A216,190365.14
NGP-BSP,BTL,A:A218,191461.51
NGP-BSP,BTL,PJB HOME,192476.06
NGP-BSP,PJB,PJB STR,193644.93
NGP-BSP,PJB,PJB ADV STR,193930.98
NGP-BSP,PJB,SA G:A284,194954.93
NGP-BSP,PJB,SA G:A286,196209.05
NGP-BSP,PJB,A:A288,197706.56
NGP-BSP,PJB,A:A290,198761.85
NGP-BSP,PJB,DGG HOME,199764.11
NGP-BSP,DGG,DGG STR,201221.95
NGP-BSP,DGG,DGG ADV STR,201771.42
NGP-BSP,DGG,SA G:A292,203307.99
NGP-BSP,DGG,A:A294,204606.98
NGP-BSP,DGG,SA G:A296,206027.07
NGP-BSP,DGG,JTR HOME,206448.24
NGP-BSP,JTR,JTR STR,207476
NGP-BSP,JTR,JTR ADV STR,208130.24
NGP-BSP,JTR,A:A302,209326.15
NGP-BSP,JTR,A:A304,210313.37
NGP-BSP,JTR,A:A306,211398.9
NGP-BSP,JTR,NEU SEC AHEAD,211728.02
NGP-BSP,JTR,MUA HOME,213056.43
NGP-BSP,MUA,MUA STR,214215.19
NGP-BSP,MUA,MUA ADV STR,214655.91
NGP-BSP,MUA,SA G:A314,216470.01
NGP-BSP,MUA,SA G:A316,217479.67
NGP-BSP,MUA,SA G:A318,219167.18
NGP-BSP,MUA,SA G:A320,220511.31
NGP-BSP,MUA,BAKL HOME,221050.1
NGP-BSP,BAKL,BAKL STR,222400.26
NGP-BSP,BAKL,BAKL ADV STR,222726.3
NGP-BSP,BAKL,SA G:A326,224660.47
NGP-BSP,BAKL,A:A328,225755.49
NGP-BSP,BAKL,A:A330,226807.46
NGP-BSP,BAKL,A:A332,227876.67
NGP-BSP,BAKL,A:A334,228899.92
NGP-BSP,BAKL,A:A336,230502.47
NGP-BSP,BAKL,RJN HOME,231320.2
NGP-BSP,RJN,RJN STR,232667.31
NGP-BSP,RJN,RJN ADV STR,233084.09
NGP-BSP,RJN,NEU SEC AHEAD,233405.97
NGP-BSP,RJN,A:A338,234623.33
NGP-BSP,RJN,A:A340,236128.66
NGP-BSP,RJN,A:A342,237716.99
NGP-BSP,RJN,PMS HOME,239083.37
NGP-BSP,PMS,PMS STR,240792.11
NGP-BSP,PMS,PMS ADV STR,241148.43
NGP-BSP,PMS,A:A344,242850.01
NGP-BSP,PMS,A:A346,244681.4
NGP-BSP,PMS,MUP HOME,246473.56
NGP-BSP,MUP,MUP STR,247611.7
NGP-BSP,MUP,MUP ADV STR,247897.23
NGP-BSP,MUP,A:A350,249377.08
NGP-BSP,MUP,SA G:A352,250886.11
NGP-BSP,MUP,A:A354,252303.49
NGP-BSP,MUP,NEU SEC AHEAD,253474.48
NGP-BSP,MUP,RSM HOME,253918.81
NGP-BSP,RSM,RSM STR,255138.3
NGP-BSP,RSM,RSM ADV STR,255990.06
NGP-BSP,RSM,A:MA358,257835.69
NGP-BSP,RSM,SA G:MA360,259268.59
NGP-BSP,RSM,SA G:MA362,260600.23
NGP-BSP,RSM,DUG HOME,261634.25
NGP-BSP,DURG,DURG STR,263377.52
NGP-BSP,DURG,DURG INT STR,263870.36
NGP-BSP,DURG,DURG ADV STR,264135.13
NGP-BSP,DURG,DLBS HOME,264714.07
NGP-BSP,DLBS,DLBS STR,265716.49
NGP-BSP,DLBS,BQR HOME,266706.35
NGP-BSP,BQR,BQR STR,267879.69
NGP-BSP,BQR,BQR ADV STR,268666.82
NGP-BSP,BQR,A:A374,269855.81
NGP-BSP,BQR,A:A376,271146.89
NGP-BSP,BQR,BPHB PH,271809.41
NGP-BSP,BQR,A:A378,272220.08
NGP-BSP,BQR,SA G:A380,273271.76
NGP-BSP,BQR,A:A382,274276.96
NGP-BSP,BQR,NEU SEC AHEAD,274697.14
NGP-BSP,BQR,BIA HOME,275273.87
NGP-BSP,BIA,BIA REP,276554.25
NGP-BSP,BIA,BIA STR,277055.33
NGP-BSP,BIA,BIA ADV STR,277487.24
NGP-BSP,BIA,DBEC HOME,278969.09
NGP-BSP,DBEC,DBEC STR,280303.93
NGP-BSP,DBEC,DBEC ADV STR,280774.98
NGP-BSP,DBEC,DCBIN HOME,280947.72
NGP-BSP,DCBIN,DCBIN STR,281945.78
NGP-BSP,DCBIN,DCBIN ADV STR,282246.06
NGP-BSP,DCBIN,A:A388,283348.73
NGP-BSP,DCBIN,ACBIN HOME,284399.59
NGP-BSP,ACBIN,ACBIN STR,285469.74
NGP-BSP,ACBIN,ACBIN ADV STR,285712.45
NGP-BSP,ACBIN,KMI HOME,286224.62
NGP-BSP,KMI,KMI STR,287888.15
NGP-BSP,KMI,KMI ADV STR,288337.21
NGP-BSP,KMI,A:A394,289727.99
NGP-BSP,KMI,A:A396,291072.13
NGP-BSP,KMI,NEU SEC AHEAD,291948.93
NGP-BSP,KMI,SZB HOME,292496.92
NGP-BSP,SZB,SZB STR,293837.17
NGP-BSP,SZB,SZB ADV STR,294477.04
NGP-BSP,SZB,A:A398,295469.14
NGP-BSP,SZB,SA G:A400,296179.51
NGP-BSP,SZB,SRWN PH,296808.92
NGP-BSP,SZB,A:A402,297543.76
NGP-BSP,SZB,R HOME,298642.37
NGP-BSP,R,R STR,299981.7
NGP-BSP,R,R ADV STR,300605.94
NGP-BSP,R,GATE SIG,301398.07
NGP-BSP,R,WRS PH,302336.15
NGP-BSP,URK,URK INNR,302509.73
NGP-BSP,R,URK HOME,303492.33
NGP-BSP,URK,URK STR,304991.44
NGP-BSP,URK,URK ADV STR,305855.27
NGP-BSP,URK,NEU SEC AHEAD,306424.09
NGP-BSP,URK,IB-INR-DIST,306944.48
NGP-BSP,URK,IBH SIG,307962.28
NGP-BSP,MDH,MDH DIST,308957.05
NGP-BSP,MDH,MDH INNR DIST,309936.08
NGP-BSP,URK,MDH HOME,311042.3
NGP-BSP,MDH,MDH STR,312437.51
NGP-BSP,MDH,MDH ADV STR,312761.57
NGP-BSP,MDH,IB DIST,315540.42
NGP-BSP,MDH,IB INNR DIST,316422.57
NGP-BSP,MDH,IBH SIG,317509.71
NGP-BSP,SLH,SLH DISTANT,320508.94
NGP-BSP,SLH,SLH INNR DIST,321524.04
NGP-BSP,MDH,SLH HOME,322656.96
NGP-BSP,SLH,SLH STR,324077.15
NGP-BSP,SLH,SLH ADV STR,324542.29
NGP-BSP,SLH,GATE SIG,325785.33
NGP-BSP,SLH,IBH SIG,326800.1
NGP-BSP,SLH,GATE SIG,327642.73
NGP-BSP,SLH,GATE INNR,329020.7
NGP-BSP,SLH,GATE SIG,330014.3
NGP-BSP,SLH,BKTHW HOME,330461.6
NGP-BSP,BKTHW,BKTHW STR,331140.52
NGP-BSP,BKTHW,BKTHE HOME,332678.4
NGP-BSP,BKTHE,BKTHE STR,333835.89
NGP-BSP,TLD,TLD DISTANT,334938.93
NGP-BSP,TLD,TLD INNR DIST,335959.75
NGP-BSP,BKTHE,TLD HOME,337217.99
NGP-BSP,TLD,TLD STR,338433.21
NGP-BSP,TLD,TLD ADV STR,339054.02
NGP-BSP,TLD,NEU SEC AHEAD,340420.57
NGP-BSP,TLD,IB DIST,340862.38
NGP-BSP,TLD,IB-INR-DIST,341869.75
NGP-BSP,TLD,IBH SIG,342879.48
NGP-BSP,TLD,GATE DIST,344387.79
NGP-BSP,TLD,GATE INNR DIST,345499.06
NGP-BSP,TLD,GATE SIG,346479.97
NGP-BSP,TLD,HN HOME,347692.96
NGP-BSP,HN,HN REP,348654.71
NGP-BSP,HN,HN STR,349100.26
NGP-BSP,HN,HN INT STR,349998.33
NGP-BSP,HN,HN INT STR,350381.42
NGP-BSP,HN,HN ADV STR,351002.1
NGP-BSP,HN,IB DIST,353812.73
NGP-BSP,HN,IB-INR-DIST,354868.53
NGP-BSP,HN,IBH SIG,355887.87
NGP-BSP,HN,GATE INNR DIST,357254.68
NGP-BSP,HN,GATE SIG,358274.87
NGP-BSP,HN,GATE INNR DIST,359013.84
NGP-BSP,HN,GATE SIG,360066.48
NGP-BSP,BYT,BYT INNR DIST,361061.39
NGP-BSP,HN,BYT HOME,362124.5
NGP-BSP,HN,BYT INT HOME,363099.52
NGP-BSP,BYT,BYT STR,364259.74
NGP-BSP,BYT,BYT ADV STR,364961.71
NGP-BSP,BYT,NEU SEC AHEAD,366447.31
NGP-BSP,BYT,IB DIST,367422.18
NGP-BSP,BYT,IB-INR-DIST,368534.35
NGP-BSP,BYT,IBH SIG,369888.33
NGP-BSP,BYT,GATE DIST,371410.1
NGP-BSP,BYT,GATE INNR DIST,372430.55
NGP-BSP,BYT,GATE SIG,373447.21
NGP-BSP,NPI,NPI DISTANT,375428.38
NGP-BSP,NPI,NPI INNR DIST,376703.97
NGP-BSP,BYT,NPI HOME,377730.44
NGP-BSP,NPI,NPI STR,379084.95
NGP-BSP,NPI,NPI ADV STR,379779.27
NGP-BSP,NPI,A:AR62,381056.1
NGP-BSP,NPI,NEU SEC AHEAD,381803.47
NGP-BSP,NPI,A:AR58,382424.35
NGP-BSP,NPI,A:AR54,383703.81
NGP-BSP,NPI,A:AR46,385109.09
NGP-BSP,NPI,SA G:AR42,386495.87
NGP-BSP,NPI,DGS HOME,387395.65
NGP-BSP,DGS,DGS STR,388740.6
NGP-BSP,DGS,DGS ADV STR,389223.63
NGP-BSP,DGS,SA G:AR38,389543.61
NGP-BSP,DGS,A:AR34,390508.84
NGP-BSP,DGS,A:AR30,391495.53
NGP-BSP,DGS,SA G:AR26,392591.7
NGP-BSP,DGS,BYL HOME,393410.12
NGP-BSP,BYL,BYL STR,395305.71
NGP-BSP,BYL,BYL ADV STR,395709.89
NGP-BSP,BYL,SA G:AR22,396269.48
NGP-BSP,BYL,A:AR18,397568.11
NGP-BSP,BYL,A:AR14,398626.63
NGP-BSP,BYL,A:AR10,400259.88
NGP-BSP,BYL,CHBT PH,400330.56
NGP-BSP,BYL,A:AR6,401316.72
NGP-BSP,BYL,DPH HOME,402592.32
NGP-BSP,DPH,DPH STR,404114.9
NGP-BSP,DPH,DPH ADV STR,404531.83
NGP-BSP,DPH,A:AR2,405632.66
NGP-BSP,DPH,NEU SEC AHEAD,406235.1
NGP-BSP,DPH,BSP HOME,406814.05
NGP-BSP,DPH,BSP INT HOME,408290.39
NGP-BSP,DPH,BSP INT HOME,409814.7
NGP-BSP,BSP,BSP STR,410963.59
BSP-TATA,BSP,BSP STR,0
BSP-TATA,BSP,BSP ADV STR,978.06
BSP-TATA,BSP,A:AJ2,1938.86
BSP-TATA,BSP,A:AJ6,3352.74
BSP-TATA,BSP,GTW HOME,4665.23
BSP-TATA,GTW,GTW STR,6023.99
BSP-TATA,GTW,GTW INT STR,7060.87
BSP-TATA,GTW,GTW ADV STR,7320.77
BSP-TATA,GTW,A:AJ10,8611.96
BSP-TATA,GTW,A:AJ14,9675.63
BSP-TATA,GTW,SAG:AJ18,10796.24
BSP-TATA,GTW,NEU SEC AHEAD,11571.67
BSP-TATA,GTW,JRMG HOME,11992.04
BSP-TATA,JRMG,JRMG STR,13411.9
BSP-TATA,JRMG,JRMG ADV STR,13749.49
BSP-TATA,JRMG,A:AJ22,15043.2
BSP-TATA,JRMG,A:AJ26,16390.27
BSP-TATA,JRMG,A:AJ30,17657.21
BSP-TATA,JRMG,A:AJ34,18799.73
BSP-TATA,JRMG,KOTMI PH,19615.17
BSP-TATA,JRMG,A:AJ38,19977.61
BSP-TATA,JRMG,A:AJ42,21176.83
BSP-TATA,JRMG,A:AJ46,22261.04
BSP-TATA,JRMG,LATIA HOME,23750.89
BSP-TATA,LATIA,LATIA STR,24201.15
BSP-TATA,LATIA,AKT HOME,25401.66
BSP-TATA,AKT,AKT STR,26630.49
BSP-TATA,AKT,AKT ADV STR,26955.02
BSP-TATA,AKT,A:AJ52,27815.72
BSP-TATA,AKT,SAG:AJ56,28593
BSP-TATA,AKT,A:AJ60,29862.22
BSP-TATA,AKT,A:AJ64,31041.03
BSP-TATA,AKT,A:AJ68,32247
BSP-TATA,AKT,SAG:AJ72,33340.18
BSP-TATA,AKT,KAPAN PH,33702.81
BSP-TATA,AKT,A:AJ76,34671.83
BSP-TATA,AKT,NEU SEC AHEAD,35583.31
BSP-TATA,AKT,A:AJ80,36069.75
BSP-TATA,AKT,A:AJ84,37337.59
BSP-TATA,AKT,A:AJ88,38680.46
BSP-TATA,AKT,NIA HOME,39763.8
BSP-TATA,NIA,NIA STR,41515.24
BSP-TATA,NIA,NIA ADV STR,42148.05
BSP-TATA,NIA,A:AJ92,43264.05
BSP-TATA,NIA,A:AJ96,44340.72
BSP-TATA,NIA,A:AJ100,45625.63
BSP-TATA,NIA,A:AJ104,46627.83
BSP-TATA,NIA,A:AJ108,47696.57
BSP-TATA,NIA,A:AJ112,48712.99
BSP-TATA,NIA,A:AJ116,49746.5
BSP-TATA,NIA,CPH HOME,50989.41
BSP-TATA,CPH,CPH STR,52335.54
BSP-TATA,CPH,CPH ADV STR,53230.9
BSP-TATA,CPH,NEU SEC AHEAD,53821.74
BSP-TATA,CPH,GATE SIG,54102.93
BSP-TATA,CPH,GATE DIST,55766.13
BSP-TATA,CPH,GATE INNR DIST,56774.23
BSP-TATA,CPH,GATE SIG,57790.8
BSP-TATA,CPH,SGRD HOME,59073.28
BSP-TATA,SGRD,SGRD STR,60570.51
BSP-TATA,SGRD,SGRD ADV STR,60998.28
BSP-TATA,SGRD,SGRD PH,61382.11
BSP-TATA,BUA,BUA DIST,64965.17
BSP-TATA,BUA,BUA INNR DIST,65977.71
BSP-TATA,SGRD,BUA HOME,67066.89
BSP-TATA,BUA,BUA STR,68677.25
BSP-TATA,BUA,BUA ADV STR,69100.42
BSP-TATA,BUA,GATE INNR DIST,70552.52
BSP-TATA,BUA,GATE SIG,71541.08
BSP-TATA,BUA,IB DIST,72468.38
BSP-TATA,BUA,IB INNR DIST,73571.13
BSP-TATA,BUA,JETHA PH,74024.62
BSP-TATA,BUA,IB,74613.07
BSP-TATA,BUA,GATE SIG,75239.18
BSP-TATA,SKT,SKT DIST,80339.67
BSP-TATA,SKT,SKT INNR DIST,81355.04
BSP-TATA,BUA,SKT HOME,82359.87
BSP-TATA,SKT,SKT STR,83532.83
BSP-TATA,SKT,SKT ADV STR,84308.3
BSP-TATA,SKT,IB DIST,85150.65
BSP-TATA,SKT,IB INNR DIST,86101.63
BSP-TATA,SKT,IB,87113.98
BSP-TATA,JDI,JDI DIST,90171.21
BSP-TATA,JDI,NEU SEC AHEAD,91052.3
BSP-TATA,JDI,JDI INNR DIST,91257.49
BSP-TATA,SKT,JDI HOME,92256.93
BSP-TATA,JDI,JDI STR,93706.34
BSP-TATA,JDI,JDI ADV STR,94170.87
BSP-TATA,KHS,KHS DIST,95287.37
BSP-TATA,KHS,KHS INNR DIST,96344.27
BSP-TATA,JDI,KHS HOME,97350.43
BSP-TATA,KHS,KHS STR,99066.34
BSP-TATA,KHS,KHS ADV STR,99224.8
BSP-TATA,KHS,NEU SEC AHEAD,99817.66
BSP-TATA,KHS,GATE INNR DIST,100014.5
BSP-TATA,KHS,GATE SIG,100984.4
BSP-TATA,KHS,IB,101553.75
BSP-TATA,ROB,ROB DIST,103508.5
BSP-TATA,ROB,ROB INNR DIST,104574.29
BSP-TATA,KHS,ROB HOME,105568.85
BSP-TATA,ROB,ROB STR,107431.29
BSP-TATA,ROB,ROB ADV STR,107708.4
BSP-TATA,SPGCL,SPGL INNR DIST,108605.29
BSP-TATA,ROB,SPGL HOME,109596.09
BSP-TATA,SPGCL,SPGL STR,110506.29
BSP-TATA,SPGCL,GATE SIG,112152.75
BSP-TATA,BEF,BEF DIST,113255.73
BSP-TATA,BEF,BEF INNR DIST,114260.71
BSP-TATA,SPGCL,BEF HOME,115307.61
BSP-TATA,BEF,BEF STR,116474.59
BSP-TATA,BEF,BEF INT STR,117119.6
BSP-TATA,BEF,BEF ADV STR,117613.65
BSP-TATA,BEF,NEU SEC AHEAD,117735.08
BSP-TATA,BEF,IB INNR DIST,119197.11
BSP-TATA,BEF,IB,120187.3
BSP-TATA,KDTR,KDTR DIST,122028.53
BSP-TATA,KDTR,KDTR INNR DIST,123022.43
BSP-TATA,BEF,KDTR HOME,124047.93
BSP-TATA,KDTR,KDTR STR,125842.77
BSP-TATA,KDTR,KDTR ADV STR,126357.02
BSP-TATA,KDTR,JSPL HOME,127457.72
BSP-TATA,JSPL,JSPL STR,128608.74
BSP-TATA,JSPL,JSPL ADV STR,128888.83
BSP-TATA,RIG,RIG DIST,129530.36
BSP-TATA,RIG,RIG INNR DIST,130547.04
BSP-TATA,RIG,NEU SEC AHEAD,131083.62
BSP-TATA,JSPL,RIG HOME,131627.45
BSP-TATA,RIG,RIG STR,133022.81
BSP-TATA,RIG,RIG ADV STR,133409.35
BSP-TATA,RIG,GATE SIG,134078.25
BSP-TATA,RIG,IB INNR DIST,135059.23
BSP-TATA,RIG,IB,135997.1
BSP-TATA,KRL,KRL DIST,139482.37
BSP-TATA,KRL,KRL INNR DIST,140451.15
BSP-TATA,RIG,KRL HOME,141466.04
BSP-TATA,KRL,KRL STR,142948.34
BSP-TATA,KRL,KRL ADV STR,143627.28
BSP-TATA,KRL,IB DIST,144464.18
BSP-TATA,KRL,IB INNR DIST,145393.16
BSP-TATA,KRL,IB,146365.15
BSP-TATA,JMG,JMG DIST,147652.41
BSP-TATA,JMG,JMG INNR DIST,148674.38
BSP-TATA,KRL,JMG HOME,149693.12
BSP-TATA,JMG,JMG STR,151166.82
BSP-TATA,JMG,JMG ADV STR,151582.9
BSP-TATA,JMG,IB DIST,156062.86
BSP-TATA,JMG,IB INNR DIST,157055.78
BSP-TATA,JMG,IB,158046.7
BSP-TATA,DAO,DAO DIST,160334.28
BSP-TATA,DAO,NEU SEC AHEAD,161077.59
BSP-TATA,DAO,DAO INNR DIST,161399.64
BSP-TATA,JMG,DAO HOME,162413.5
BSP-TATA,DAO,DAO STR,163285.95
BSP-TATA,DAO,DAO ADV STR,163480.83
BSP-TATA,DAO,GATE DIST,164439.69
BSP-TATA,DAO,GATE INNR DIST,165422.32
BSP-TATA,DAO,GATE SIG,166429.07
BSP-TATA,DAO,ACBPL HOME,167123.29
BSP-TATA,ACBPL,ACBPL ADV STR,167839.78
BSP-TATA,ACBPL,HGR HOME,169151.39
BSP-TATA,HGR,HGR STR,170469.95
BSP-TATA,HGR,HGR ADV STR,170783
BSP-TATA,HGR,IB DIST,174066.23
BSP-TATA,HGR,IB INNR DIST,175069.29
BSP-TATA,HGR,IB,176090.95
BSP-TATA,BPH,BPH DIST,180341.13
BSP-TATA,BPH,BPH INNR DIST,181346.04
BSP-TATA,HGR,BPH HOME,182379.06
BSP-TATA,BPH,BPH STR,183792.17
BSP-TATA,BPH,BPH ADV STR,184075.63
BSP-TATA,BPH,GATE SIG,185194.73
BSP-TATA,BPH,LJKR HOME,186366.79
BSP-TATA,LJKR,LJKR STR,187590.18
BSP-TATA,LJKR,LJKR ADV STR,187938.9
BSP-TATA,BRJN,BRJN DIST,188951.62
BSP-TATA,BRJN,BRJN INNR DIST,190098.91
BSP-TATA,LJKR,BRJN  HOME,191438.36
BSP-TATA,BRJN,BRJN STR,192708.58
BSP-TATA,BRJN,BRJN ADV STR,193172.52
BSP-TATA,BRJN,IBSTN HOME,194149.69
BSP-TATA,IBSTN,IBSTN STR,195496.46
BSP-TATA,IBSTN,IBSTN ADV STR,195783.55
BSP-TATA,IBSTN,NEU SEC AHEAD,196559.07
BSP-TATA,IBSTN,IB INNR DIST,196851.73
BSP-TATA,IBSTN,IB,197803.92
BSP-TATA,IBSTN,GATE DIST,199137.43
BSP-TATA,IBSTN,GATE INNR DIST,200125.51
BSP-TATA,IBSTN,GATE SIG,201141.74
BSP-TATA,IBSTN,GATE SIG,202238.66
BSP-TATA,IBSTN,JSG HOME,202900.91
BSP-TATA,JSG,JSG STR,204634.84
BSP-TATA,JSG,JSGRY HOME,205099.46
BSP-TATA,JSGRY,JSGRY STR,206533.11
BSP-TATA,JSGRY,JSGRY ADV STR,206975.09
BSP-TATA,JSGRY,JSG GATE SIG,207544.53
BSP-TATA,DTVW,DTVW DISTANT,207993.28
BSP-TATA,DTVW,DTVW INNR DIST,208994.38
BSP-TATA,DTVW,NEU SEC AHEAD,209167.27
BSP-TATA,JSGRY,DTVW HOME,209971.62
BSP-TATA,JSGRY,DTV HOME,211626.67
BSP-TATA,DTV,DTV STR,213007.3
BSP-TATA,DTV,DTV ADV STR,214012.81
BSP-TATA,DTV,DTV IB DIST,216391.67
BSP-TATA,DTV,DTV IB-INR-DIST,217407.81
BSP-TATA,DTV,PNPL HALT,218018.62
BSP-TATA,DTV,DTV IB SIG,218425
BSP-TATA,DTV,GATE DIST,220245.91
BSP-TATA,DTV,GATE INNR DIST,221249.8
BSP-TATA,DTV,GATE SIG,222254.23
BSP-TATA,BEH,BEH INNR DIST,222934.94
BSP-TATA,DTV,BEH HOME,223929.01
BSP-TATA,BEH,BEH STR,225095.35
BSP-TATA,BEH,BEH ADV STR,225410.19
BSP-TATA,BEH,GATE DIST,227618.98
BSP-TATA,BEH,GATE INNR DIST,228617.86
BSP-TATA,BEH,GATE SIG,229639.02
BSP-TATA,BEH,DIH HOME,230188.29
BSP-TATA,DIH,DIH STR,231313.32
BSP-TATA,DIH,DIH ADV STR,231465.79
BSP-TATA,DIH,DIH IB DIST,233203.77
BSP-TATA,DIH,DIH IB-INR-DIST,234207.98
BSP-TATA,DIH,DIH IB SIG,235229.97
BSP-TATA,BMB,BMB DISTANT,237228.94
BSP-TATA,BMB,BMB INNR DIST,238261.53
BSP-TATA,DIH,BMB HOME,239253.59
BSP-TATA,BMB,BMB STR,240956.42
BSP-TATA,BMB,BMB ADV STR,241561.03
BSP-TATA,BMB,NEU SEC AHEAD,242161.57
BSP-TATA,TGM,TGM DISTANT,245384.87
BSP-TATA,TGM,TGM INNR DIST,246409.51
BSP-TATA,BMB,TGM HOME,247410.69
BSP-TATA,TGM,TGM STR,249567.59
BSP-TATA,TGM,TGM ADV STR,249920.82
BSP-TATA,TGM,GATE DIST,250955.49
BSP-TATA,TGM,GATE INNR DIST,251985.35
BSP-TATA,TGM,GATE SIG,252932.94
BSP-TATA,GPH,GPH DISTANT,253772.02
BSP-TATA,GPH,GPH INNR DIST,254776.04
BSP-TATA,TGM,GPH HOME,255812.57
BSP-TATA,GPH,GPH STR,256962.59
BSP-TATA,GPH,GPH ADV STR,257264.35
BSP-TATA,GPH,NEU SEC AHEAD,258023.3
BSP-TATA,SOGR,SOGR DISTANT,258250.46
BSP-TATA,SOGR,SOGR INNR DIST,259245.91
BSP-TATA,GPH,SOGR HOME,260302.79
BSP-TATA,SOGR,SOGR STR,261954.28
BSP-TATA,SOGR,SOGR ADV STR,262309.32
BSP-TATA,SXN,SXN DISTANT,264367.86
BSP-TATA,SXN,SXN INNR DIST,265387.14
BSP-TATA,SOGR,SXN HOME,266464.4
BSP-TATA,SXN,SXN STR,268549.91
BSP-TATA,SXN,SXN ADV STR,268988.66
BSP-TATA,GP,GP DISTANT,271519.12
BSP-TATA,GP,GP INNR DIST,272543.34
BSP-TATA,SXN,GP HOME,273545.67
BSP-TATA,GP,GP STR,275146.4
BSP-TATA,GP,GP ADV STR,275517.09
BSP-TATA,GP,NEU SEC AHEAD,276038.94
BSP-TATA,GP,GP IB DIST,277874.22
BSP-TATA,GP,GP IB-INR-DIST,278856.09
BSP-TATA,GP,GP IB SIG,279862.05
BSP-TATA,KXN,KXN DISTANT,281451.14
BSP-TATA,KXN,KXN INNR DIST,282451.76
BSP-TATA,GP,KXN HOME,283448.97
BSP-TATA,KXN,KXN STR,284580.99
BSP-TATA,KXN,KXN ADV STR,284758.41
BSP-TATA,KLG,KLG DISTANT,288061.51
BSP-TATA,KLG,KLG INNR DIST,289140.55
BSP-TATA,KXN,KLG HOME,290186.61
BSP-TATA,KLG,KLG STR,291707.29
BSP-TATA,KLG,KLG INT STR,292203.39
BSP-TATA,KLG,KLG ADV STR,292715.19
BSP-TATA,KLG,NEU SEC AHEAD,293394.55
BSP-TATA,KLG,GATE INNR DIST,293654.88
BSP-TATA,KLG,GATE SIG,294696.42
BSP-TATA,PPO,PPO DISTANT,297741.08
BSP-TATA,PPO,PPO INNR DIST,298762.74
BSP-TATA,PPO,PPO HALT,299032.49
BSP-TATA,KLG,PPO HOME,299789.18
BSP-TATA,PPO,PPO ADV STR:RHS,300342.66
BSP-TATA,PPO,ROU HOME:RHS,302776.96
BSP-TATA,PPO,INT HOME 14,303707.95
BSP-TATA,ROU,ROU STR,305180.68
BSP-TATA,ROU,ROU INT STR,305537.59
BSP-TATA,ROU,ROU ADV STR,305908.15
BSP-TATA,BNDMQ,BNDMQ DIST,307510.34
BSP-TATA,BNDMQ,BNDMQ IN DIST,308528.1
BSP-TATA,ROU,BNDMQ HOME,309544.14
BSP-TATA,BNDMQ,BNDMQ STR,309843.34
BSP-TATA,BNDMP,BNDMP INR DIST,310590.66
BSP-TATA,BNDMQ,BNDMP HOME,311620.75
BSP-TATA,BNDMP,BNDMP STR,312078.05
BSP-TATA,BNDMA,BNDMA INR DIST,312965.54
BSP-TATA,BNDMP,BNDMA HOME,313963.73
BSP-TATA,BNDMA,BNDMA STR,315002.2
BSP-TATA,BNDMA,BNDMA ADV STR,315228.05
BSP-TATA,BNDMA,NEU SEC AHEAD,315715.12
BSP-TATA,BZR,BZR DIST,315941.03
BSP-TATA,BZR,BZR INNR DIST,316952.58
BSP-TATA,BNDMA,BZR HOME,317965.34
BSP-TATA,BZR,BZR STR,319209.35
BSP-TATA,BZR,BZR ADV STR,319635.91
BSP-TATA,BUL,BUL DISTANT,322683
BSP-TATA,BUL,BUL INNR DIST,323763.98
BSP-TATA,BUL,NEU SEC AHEAD,324226.47
BSP-TATA,BZR,BUL HOME,324822.55
BSP-TATA,BUL,BUL STR,326115.33
BSP-TATA,BUL,BUL ADV STR,326398.27
BSP-TATA,BUL,GATE INNR DIST,327368.18
BSP-TATA,BUL,BUL GATE SIG,328361.45
BSP-TATA,JRA,JRA DISTANT,330387.25
BSP-TATA,JRA,JRA INNR DIST,331375.41
BSP-TATA,BUL,JRA HOME,332398.69
BSP-TATA,JRA,JRA STR,333630.21
BSP-TATA,JRA,JRA ADV STR,333893.86
BSP-TATA,JRA,JRA IB DIST,337731.16
BSP-TATA,JRA,JRA IB-INR-DIST,338715.44
BSP-TATA,JRA,JRA IB,339857.49
BSP-TATA,MOU,MOU DISTANT,341155.2
BSP-TATA,MOU,MOU INNR DIST,342202.73
BSP-TATA,MOU,NEU SEC AHEAD,342344.92
BSP-TATA,JRA,MOU HOME,343367.9
BSP-TATA,MOU,MOU STR,345041.19
BSP-TATA,MOU,MOU ADV STR,345515.44
BSP-TATA,MOU,GHAA HALT,349358.25
BSP-TATA,PST,PST DISTANT,352049.02
BSP-TATA,PST,PST INNR DIST,352986.49
BSP-TATA,MOU,PST HOME,354002.2
BSP-TATA,PST,PST STR,355498.3
BSP-TATA,PST,PST ADV STR,355825.4
BSP-TATA,PST,DRWN HALT,361488.92
BSP-TATA,MXW,MXW DISTANT,364272.06
BSP-TATA,MXW,MXW INNR DIST,365625.79
BSP-TATA,PST,MXW HOME:RHS,366568.98
BSP-TATA,MXW,NEU SEC AHEAD,367090.75
BSP-TATA,GOL,GOL DISTANT,368147.99
BSP-TATA,GOL,GOL INNR DIST,369207.55
BSP-TATA,MXW,GOL HOME,370269.89
BSP-TATA,GOL,GOL STR,371678.45
BSP-TATA,GOL,GOL ADV STR,372168.65
BSP-TATA,GOL,GATE INNR DIST,373442.9
BSP-TATA,GOL,GATE SIG:RHS,374439.87
BSP-TATA,TUX,TUX DISTANT,375437.71
BSP-TATA,TUX,TUX INNR DIST,376446
BSP-TATA,GOL,TUX HOME,377523.96
BSP-TATA,TUX,TUX STR,378783.05
BSP-TATA,TUX,TUX ADV STR,379054.89
BSP-TATA,SWR,SWR DISTANT,380912.95
BSP-TATA,SWR,SWR INNR DIST,381804.08
BSP-TATA,SWR,NEU SEC AHEAD,382203.94
BSP-TATA,TUX,SWR HOME,382853.86
BSP-TATA,SWR,SWR STR,384264.73
BSP-TATA,SWR,SWR ADV STR,384709.81
BSP-TATA,SWR,SWR GATE DIST,386123.06
BSP-TATA,SWR,GATE INNR DIST,387167.74
BSP-TATA,SWR,SWR GATE SIG,388258.76
BSP-TATA,SWR,SWR IB,389576.42
BSP-TATA,SWR,SWR GATE SIG,390971.4
BSP-TATA,LPH,LPH DISTANT,392440.63
BSP-TATA,LPH,LPH INNR DIST,393431.51
BSP-TATA,SWR,LPH HOME,394517.84
BSP-TATA,LPH,LPH STR,395683.31
BSP-TATA,LPH,LPH ADV STR,396027.64
BSP-TATA,LPH,LPH IB DIST,397954.82
BSP-TATA,LPH,LPH IB-INR-DIST,399002.51
BSP-TATA,LPH,LPH IB,400014.34
BSP-TATA,LPH,GATE INNR DIST,401088.43
BSP-TATA,LPH,LPH GATE SIG,402094.74
BSP-TATA,LPH,CKP HOME,403675.44
BSP-TATA,CKP,CKP STR,405191.91
BSP-TATA,CKP,CKP ADV STR,405561.75
BSP-TATA,CKP,NEU SEC AHEAD,406713.79
BSP-TATA,CKP,CKP IB DIST,408445.61
BSP-TATA,CKP,CKP IB INR DIS,409500.49
BSP-TATA,CKP,CKP IB SIG,410505.59
BSP-TATA,BRM,BRM DISTANT,412709.08
BSP-TATA,BRM,BRM INNR DIST,413720.26
BSP-TATA,CKP,BRM HOME,414779.2
BSP-TATA,BRM,BRM STR,415836.17
BSP-TATA,BRM,BRM ADV STR,416019.1
BSP-TATA,BRM,BRM IB DIST,417716.2
BSP-TATA,BRM,BRM IB INR DIS,418763.1
BSP-TATA,BRM,BRM IB SIGNAL,419916.5
BSP-TATA,WO,WO INNR DIST,421092.8
BSP-TATA,BRM,WO HOME,422259.06
BSP-TATA,WO,WO STR,422878.76
BSP-TATA,WO,NEU SEC AHEAD,423610.99
BSP-TATA,WO,RKSN HOME,424028.83
BSP-TATA,RKSN,RKSN STR,425410.01
BSP-TATA,RKSN,RKSN ADV STR,425792.99
BSP-TATA,RKSN,RKSN AS:38,427307.54
BSP-TATA,RKSN,RKSN AS:36,428563.15
BSP-TATA,RKSN,RKSN AS:34,429587.78
BSP-TATA,RKSN,RKSN AS:32,430651.71
BSP-TATA,RKSN,MMV HOME,431188.27
BSP-TATA,MMV,MMV STR,432817.08
BSP-TATA,MMV,MMV ADV STR,433411.09
BSP-TATA,MMV,MMV AS:30,434650.07
BSP-TATA,MMV,MMV AS:28,436356.63
BSP-TATA,MMV,MMV AS:26,437692.11
BSP-TATA,MMV,SNY HOME,439256.44
BSP-TATA,SNY,SNY STR,440852.18
BSP-TATA,SNY,SNY ADV STR,441204.33
BSP-TATA,SNY,SNY AS:24,442166.59
BSP-TATA,SNY,NEU SEC AHEAD,442482.12
BSP-TATA,SNY,SNY AS:22,443566.13
BSP-TATA,SNY,SNY AS:20,444903.24
BSP-TATA,SNY,SNY AS:18,446149.73
BSP-TATA,BRBS,BRBS HALT,447598.9
BSP-TATA,BRBS,BRBS AS:16,447784.11
BSP-TATA,BRBS,BRBS AS:14,449318.6
BSP-TATA,BRBS,BRBS AS:12,450890.83
BSP-TATA,BRBS,BRBS AS:10,452131.12
BSP-TATA,BRBS,BRBS GSA:10-1,453159.28
BSP-TATA,BRBS,BRBS GSA:8,453939.36
BSP-TATA,SNY,GMH HOME,455553.46
BSP-TATA,GMH,GMH STR,457065.73
BSP-TATA,GMH,GMH ADV STR,457359.31
BSP-TATA,GMH,GMH AS:6,458610.26
BSP-TATA,GMH,GMH AS:4,460086.34
BSP-TATA,GMH,ADTP HOME,461387.98
BSP-TATA,ADTP,ADTP STR,463174.13
BSP-TATA,ADTP,ADTP ADV STR,463595.16
BSP-TATA,ADTP,ADTP AS:2,464984.97
BSP-TATA,ADTP,TATA HOME,466271.39
BSP-TATA,TATA,TATA STR,467794.37
TATA-BSP,TATA,TATA STR,0
TATA-BSP,TATA,TA ADVSTR,501.53
TATA-BSP,TATA,TATA AS:1,1318.96
TATA-BSP,TATA,ADTP HOME,2346.71
TATA-BSP,TATA,ADTP R HOME,3264.32
TATA-BSP,ADTP,ADTP STR,4805.21
TATA-BSP,ADTP,ADTP ADV STR,5357.98
TATA-BSP,ADTP,ADTP AS:5,6608.57
TATA-BSP,ADTP,ADTP GSA:7,8247.95
TATA-BSP,ADTP,ADTP L XING,8495.32
TATA-BSP,ADTP,GMH HOME:RHS,9496.51
TATA-BSP,GMH,GMH STR,10576.86
TATA-BSP,GMH,GMH ADV STR,11143.64
TATA-BSP,GMH,GMH GSA:9,12325.91
TATA-BSP,GMH,GMH L XING,12575.38
TATA-BSP,GMH,GMH GSA:9-1,13307.86
TATA-BSP,GMH,GMH L XING,13545.7
TATA-BSP,GMH,GMH AS:11,14215.4
TATA-BSP,GMH,GMH AS:13,15917.17
TATA-BSP,GMH,GMH AS:15,17579.05
TATA-BSP,GMH,GMH AS:17,19243.96
TATA-BSP,GMH,BRBS HALT,19574.48
TATA-BSP,GMH,GMH AS:19,20825.11
TATA-BSP,GMH,GMH AS:21,22458.76
TATA-BSP,GMH,GMH AS:23,24137.66
TATA-BSP,GMH,NEU SEC AHEAD,24525.93
TATA-BSP,GMH,SNY HOME,25585.03
TATA-BSP,SNY,SNY STR,26935.66
TATA-BSP,SNY,SNY ADV STR,27422.58
TATA-BSP,SNY,SNY AS:25,28417.1
TATA-BSP,SNY,SNY AS:27,30086.62
TATA-BSP,SNY,SNY AS:29,31324.78
TATA-BSP,SNY,MMV HOME,33243.19
TATA-BSP,SNY,MMV L XING,33429.87
TATA-BSP,MMV,MMV STR,34808.55
TATA-BSP,MMV,MMV ADV STR,35404.47
TATA-BSP,MMV,MMV AS:33,36863.25
TATA-BSP,MMV,MMV AS:35,38150.52
TATA-BSP,MMV,MMV AS:37,39424.13
TATA-BSP,MMV,RKSN HOME,40621.23
TATA-BSP,RKSN,RKSN STR,42394.14
TATA-BSP,RKSN,RKSN ADV STR,42821.4
TATA-BSP,RKSN,NEU SEC AHEAD,43074.98
TATA-BSP,RKSN,WO HOME,43644.32
TATA-BSP,WO,WO STR,44459.5
TATA-BSP,WO,RKSN IB INR DIS,45873.17
TATA-BSP,WO,RKSN IB SIG,46867.58
TATA-BSP,WO,BRM DISTANT,48712.18
TATA-BSP,WO,BRM INNR DIST,49717.4
TATA-BSP,WO,BRM HOME,50703.24
TATA-BSP,BRM,BRM STR,51725.82
TATA-BSP,BRM,BRM ADV STR,51997.57
TATA-BSP,BRM,BRM IB DIST,54729.51
TATA-BSP,BRM,BRM IB INR DIS,55718
TATA-BSP,BRM,BRM IB SIG,56763.18
TATA-BSP,BRM,CKP DISTANT,58973.28
TATA-BSP,BRM,CKP INNR DIST,59979.11
TATA-BSP,BRM,NEU SEC AHEAD,60001.2
TATA-BSP,BRM,CKP HOME,60972.91
TATA-BSP,CKP,CKP STR,62738.44
TATA-BSP,CKP,CKP ADV STR,63139.44
TATA-BSP,CKP,CKP GATE SIG,64321.44
TATA-BSP,CKP,CKP L XING,64584.44
TATA-BSP,CKP,CKP IB INR DIST,65772.44
TATA-BSP,CKP,CKP IB,66759.44
TATA-BSP,CKP,LPH DISTANT,68796.44
TATA-BSP,CKP,LPH INNR DIST,69830.44
TATA-BSP,CKP,LPH HOME,70855.44
TATA-BSP,CKP,LPH L XING,71137.44
TATA-BSP,LPH,LPH STR,72031.44
TATA-BSP,LPH,LPH ADV STR,72359.44
TATA-BSP,LPH,LPH GATE DIST,73640.44
TATA-BSP,LPH,GATE INNR DIST,74639.44
TATA-BSP,LPH,LPH GATE SIG,75605.44
TATA-BSP,LPH,LPH L XING,75798.44
TATA-BSP,LPH,IB INNR DIST,76275.44
TATA-BSP,LPH,LPH IB,77282.44
TATA-BSP,LPH,LPH GATE SIG,78347.44
TATA-BSP,LPH,LPH L XING,78545.44
TATA-BSP,LPH,SWR DISTANT,80121.44
TATA-BSP,LPH,SWR INNR DIST,81136.44
TATA-BSP,LPH,SWR HOME,82151.44
TATA-BSP,SWR,SWR STR,83365.44
TATA-BSP,SWR,SWR L XING,83524.44
TATA-BSP,SWR,SWR ADV STR,83959.44
TATA-BSP,SWR,NEU SEC AHEAD,84616.44
TATA-BSP,SWR,TUX DISTANT,85739.44
TATA-BSP,SWR,TUX INNR DIST,86759.44
TATA-BSP,SWR,TUX HOME,87777.44
TATA-BSP,TUX,TUX STR,88869.44
TATA-BSP,TUX,TUX ADV STR,89226.44
TATA-BSP,TUX,TUX L XING,90026.44
TATA-BSP,TUX,TUX GATE DIST,90113.44
TATA-BSP,TUX,GATE INNR DIST,91091.44
TATA-BSP,TUX,TUX GATE SIG,92079.44
TATA-BSP,TUX,TUX L XING,92296.44
TATA-BSP,TUX,GOL INNR DIST,93590.44
TATA-BSP,TUX,GOL HOME,94630.44
TATA-BSP,GOL,GOL STR,96049.44
TATA-BSP,GOL,GOL L XING,96177.44
TATA-BSP,GOL,GOL ADV STR,96572.44
TATA-BSP,GOL,MXW DIST,99006.44
TATA-BSP,GOL,NEU SEC AHEAD,99728.44
TATA-BSP,GOL,MXW INNR DIST,100007.44
TATA-BSP,GOL,MXW HOME,101354.44
TATA-BSP,GOL,DRWN HALT,105460.44
TATA-BSP,GOL,PST DISTANT,109110.44
TATA-BSP,GOL,PST INNR DIST,110189.44
TATA-BSP,GOL,PST HOME,111200.44
TATA-BSP,PST,PST STR,112716.44
TATA-BSP,PST,PST L XING,112769.44
TATA-BSP,PST,PST ADV STR,113334.44
TATA-BSP,PST,GHAA HALT,118166.44
TATA-BSP,PST,MOU DISTANT,119148.44
TATA-BSP,PST,MOU INNR DIST,120129.44
TATA-BSP,PST,MOU HOME,121180.44
TATA-BSP,PST,MOU INT STR,122454.44
TATA-BSP,MOU,MOU STR,123761.44
TATA-BSP,MOU,MOU L XING,123995.44
TATA-BSP,MOU,MOU ADV STR,124624.44
TATA-BSP,MOU,NEU SEC AHEAD,125448.44
TATA-BSP,MOU,MOU IB-DIST,127017.44
TATA-BSP,MOU,IB INNR DIST,128075.44
TATA-BSP,MOU,MOU IB,129188.44
TATA-BSP,MOU,JRA DISTANT,131806.44
TATA-BSP,MOU,JRA INNR DIST,132814.44
TATA-BSP,MOU,JRA L XING,132927.44
TATA-BSP,MOU,JRA HOME,133811.44
TATA-BSP,JRA,JRA STR,135238.44
TATA-BSP,JRA,JRA ADV STR,135576.44
TATA-BSP,JRA,JRA GATE DIST,137191.44
TATA-BSP,JRA,GATE INR DIST,138239.44
TATA-BSP,JRA,JRA GATE SIG,139272.44
TATA-BSP,JRA,JRA L XING,139485.44
TATA-BSP,JRA,BUL INNR DIST,140590.44
TATA-BSP,JRA,BUL HOME,141540.44
TATA-BSP,BUL,BUL STR,142701.44
TATA-BSP,BUL,BUL ADV STR,143329.44
TATA-BSP,BUL,NEU SEC AHEAD,143690.44
TATA-BSP,BUL,BUL L XING,145467.44
TATA-BSP,BUL,BZR DIST,146067.44
TATA-BSP,BUL,BZR INNR DIST,147051.44
TATA-BSP,BUL,BZR HOME,148103.44
TATA-BSP,BZR,BZR STR,149669.44
TATA-BSP,BZR,BZR ADV STR,150200.44
TATA-BSP,BZR,BNDMA INR DIST,151406.44
TATA-BSP,BZR,NEU SEC AHEAD,151597.44
TATA-BSP,BZR,BNDMA HOME,152560.44
TATA-BSP,BZR,L XING:207,153009.44
TATA-BSP,BNDMA,BNDMA STR,153537.44
TATA-BSP,BNDMA,BNDMA ADV STR,153939.44
TATA-BSP,BNDMA,BNDMD INR DIST,154301.44
TATA-BSP,BNDMA,BNDMD HOME,155304.44
TATA-BSP,BNDMD,BNDMD STR,155930.44
TATA-BSP,BNDMD,BNDM HALT,156387.44
TATA-BSP,BNDMD,BNDMK INR DIST,157190.44
TATA-BSP,BNDMD,BNDMK HOME,158159.44
TATA-BSP,BNDMD,L XING:208,158351.44
TATA-BSP,BNDMK,BNDMK STR,159048.44
TATA-BSP,BNDMK,ROU DIST,159892.44
TATA-BSP,BNDMK,ROU INN DIST,160943.44
TATA-BSP,BNDMK,ROU HOME,161950.44
TATA-BSP,BNDMK,INT HOME 35,162592.44
TATA-BSP,ROU,ROU STR,163752.44
TATA-BSP,ROU,INT STR 77,164243.44
TATA-BSP,ROU,L XING:209,164947.44
TATA-BSP,ROU,ROU ADV STR,165257.44
TATA-BSP,ROU,ASRJ:01,166541.44
TATA-BSP,ROU,PPO HOME,167524.44
TATA-BSP,PPO,PPO ADVSTR,168060.44
TATA-BSP,PPO,PPO HALT,169016.44
TATA-BSP,PPO,PPO GATE DIST,170856.44
TATA-BSP,PPO,GATE INNR DIST,171904.44
TATA-BSP,PPO,GATE-CUM-DIST,172910.44
TATA-BSP,PPO,L XING:213,173093.44
TATA-BSP,PPO,KLG INNR DIST,174221.44
TATA-BSP,PPO,NEU SEC AHEAD,174527.44
TATA-BSP,PPO,KLG HOME,175239.44
TATA-BSP,PPO,L XING:214,175565.44
TATA-BSP,PPO,L XING:215,176319.44
TATA-BSP,KLG,KLG STR,177089.44
TATA-BSP,KLG,KLG ADV STR,177429.44
TATA-BSP,KLG,L XING:216,179030.44
TATA-BSP,KLG,KXN DISTANT,181139.44
TATA-BSP,KLG,KXN INNR DIST,182222.44
TATA-BSP,KLG,KXN HOME,183231.44
TATA-BSP,KXN,KXN STR,184239.44
TATA-BSP,KXN,L XING:217,184347.44
TATA-BSP,KXN,KXN ADV STR,184546.44
TATA-BSP,KXN,L XING:219,186363.44
TATA-BSP,KXN,KXN IB DIST,186979.44
TATA-BSP,KXN,KXN IB-INR-DIST,187992.44
TATA-BSP,KXN,KXN IB SIG,189033.44
TATA-BSP,KXN,L XING:220,189717.44
TATA-BSP,KXN,GP DISTANT,190400.44
TATA-BSP,KXN,L XING:221,191344.44
TATA-BSP,KXN,GP INNR DIST,191408.44
TATA-BSP,KXN,NEU SEC AHEAD,191775.44
TATA-BSP,KXN,GP HOME,192431.44
TATA-BSP,KXN,L XING:222,192816.44
TATA-BSP,GP,GP STR,193918.44
TATA-BSP,GP,GP ADV STR,194521.44
TATA-BSP,GP,SXN DISTANT,197053.44
TATA-BSP,GP,SXN INNR DIST,198109.44
TATA-BSP,GP,SXN HOME,199148.44
TATA-BSP,GP,L XING:224,199426.44
TATA-BSP,SXN,SXN STR,200982.44
TATA-BSP,SXN,SXN ADV STR,201673.44
TATA-BSP,SXN,SOGR DISTANT,204443.44
TATA-BSP,SXN,SOGR INNR DIST,205517.44
TATA-BSP,SXN,SOGR HOME,206791.44
TATA-BSP,SOGR,SOGR STR,207850.44
TATA-BSP,SOGR,SOGR ADV STR,208027.44
TATA-BSP,SOGR,L XING:228,208500.44
TATA-BSP,SOGR,GPH DISTANT,208973.44
TATA-BSP,SOGR,GPH INNR DIST,209937.44
TATA-BSP,SOGR,NEU SEC AHEAD,210275.44
TATA-BSP,SOGR,GPH HOME,210979.44
TATA-BSP,SOGR,L XING:229,211315.44
TATA-BSP,GPH,GPH STR,212207.44
TATA-BSP,GPH,GPH ADV STR,212396.44
TATA-BSP,GPH,GATE DIST,213047.44
TATA-BSP,GPH,GATE INNR DIST,214063.44
TATA-BSP,GPH,GATE SIGNAL,215029.44
TATA-BSP,GPH,L XING:231,215274.44
TATA-BSP,GPH,TGM DISTANT,216722.44
TATA-BSP,GPH,TGM INNR DIST,217833.44
TATA-BSP,GPH,TGM HOME,218839.44
TATA-BSP,GPH,L XING:233,219269.44
TATA-BSP,TGM,TGM STR,220652.44
TATA-BSP,TGM,TGM ADV STR,220867.44
TATA-BSP,TGM,L XING:235,221895.44
TATA-BSP,TGM,BMB DISTANT,224741.44
TATA-BSP,TGM,BMB INNR DIST,225824.44
TATA-BSP,TGM,NEU SEC AHEAD,226184.44
TATA-BSP,TGM,BMB HOME,226849.44
TATA-BSP,TGM,L XING:239,227501.44
TATA-BSP,BMB,BMB STR,228280.44
TATA-BSP,BMB,L XING:240,228395.44
TATA-BSP,BMB,BMB ADV STR,229158.44
TATA-BSP,BMB,BMB IB DIST,230783.44
TATA-BSP,BMB,L XING:243,231506.44
TATA-BSP,BMB,BMB IB-INR-DIST,231826.44
TATA-BSP,BMB,BMB IB SIG,232808.44
TATA-BSP,BMB,DIH DISTANT,234892.44
TATA-BSP,BMB,DIH INNR DIST,235867.44
TATA-BSP,BMB,DIH HOME,236907.44
TATA-BSP,DIH,DIH STR,237978.44
TATA-BSP,DIH,DIH ADV STR,238148.44
TATA-BSP,DIH,L XING:247,238658.44
TATA-BSP,DIH,BEH DISTANT,241010.44
TATA-BSP,DIH,BEH INNR DIST,241993.44
TATA-BSP,DIH,BEH HOME,243005.44
TATA-BSP,DIH,L XING:249,243312.44
TATA-BSP,BEH,BEH STR,244253.44
TATA-BSP,BEH,BEH ADV STR,244562.44
TATA-BSP,BEH,GATE SIG,245749.44
TATA-BSP,BEH,L XING:250,245906.44
TATA-BSP,BEH,BEH IB DIST,247372.44
TATA-BSP,BEH,BEH IB-INR-DIST,248391.44
TATA-BSP,BEH,BEH IB SIG,249506.44
TATA-BSP,BEH,L XING:252,249892.44
TATA-BSP,BEH,PNPL HALT,250343.44
TATA-BSP,BEH,L XING:253,251900.44
TATA-BSP,BEH,DTV DISTANT,253101.44
TATA-BSP,BEH,DTV INNR DIST,254154.44
TATA-BSP,BEH,DTV HOME,255168.44
TATA-BSP,BEH,L XING:254,255513.44
TATA-BSP,DTV,DTV STR,256494.44
TATA-BSP,DTV,DTV INT STR,257691.44
TATA-BSP,DTV,DTV ADV STR,258405.44
TATA-BSP,DTV,NEU SEC AHEAD,259366.44
TATA-BSP,DTV,GATE INNR DIST,259745.44
TATA-BSP,DTV,JSGRY GATE SIG,260771.44
TATA-BSP,DTV,L XING:256,260906.44
TATA-BSP,DTV,JSGRY HOME,261762.44
TATA-BSP,JSGRY,JSGRY STR,263136.44
TATA-BSP,JSGRY,JSG HOME,263602.44
TATA-BSP,JSG,JSG STR,264984.44
TATA-BSP,JSG,JSG INT STR,265387.44
TATA-BSP,JSG,L XING:,265436.44
TATA-BSP,JSG,JSG ADV STR,265616.44
TATA-BSP,JSG,GATE SIG,265834.44
TATA-BSP,JSG,L XING:260,266087.44
TATA-BSP,JSG,GATE SIG,266956.44
TATA-BSP,JSG,L XING:261,267189.44
TATA-BSP,JSG,IB INR DIST,268251.44
TATA-BSP,JSG,IB SIG,269244.44
TATA-BSP,JSG,NEU SEC AHEAD,271084.44
TATA-BSP,JSG,IBSTN DIST,271114.44
TATA-BSP,JSG,IBSTN INNR DIST,271334.44
TATA-BSP,JSG,IBSTN HOME,272453.44
TATA-BSP,IB,IBSTN STR,273756.44
TATA-BSP,IB,BRJN HOME,274101.44
TATA-BSP,BRJN,BRJN STR,276628.44
TATA-BSP,BRJN,BRJN ADV STR,277181.44
TATA-BSP,BRJN,LJKR DIST,278615.44
TATA-BSP,BRJN,LJKR INNR DIST,279625.44
TATA-BSP,BRJN,LJKR HOME,280543.44
TATA-BSP,LJKR,LJKR STR,281707.44
TATA-BSP,LJKR,LJKR ADV STR,282065.44
TATA-BSP,LJKR,GATE SIG,283107.44
TATA-BSP,LJKR,L XING:267,283300.44
TATA-BSP,LJKR,BPH HOME,284303.44
TATA-BSP,LJKR,L XING:268,284551.44
TATA-BSP,BPH,BPH STR,285839.44
TATA-BSP,BPH,BPH ADV STR,286153.44
TATA-BSP,BPH,IB DIST,288562.44
TATA-BSP,BPH,IB INNR DIST,289629.44
TATA-BSP,BPH,IB SIG,290566.44
TATA-BSP,BPH,HGR DIST,295884.44
TATA-BSP,BPH,HGR INNR DIST,296927.44
TATA-BSP,BPH,HGR HOME,297914.44
TATA-BSP,BPH,L XING:274,298181.44
TATA-BSP,HGR,HGR STR,299303.44
TATA-BSP,HGR,HGR ADV STR,299726.44
TATA-BSP,HGR,ACBPL HOME,300962.44
TATA-BSP,ACBPL,ACBPL STR,301589.44
TATA-BSP,ACBPL,GATE SIG,302160.44
TATA-BSP,ACBPL,L XING:276,302352.44
TATA-BSP,ACBPL,DAO DIST,303223.44
TATA-BSP,ACBPL,DAO INNR DIST,304205.44
TATA-BSP,ACBPL,DAO HOME,305187.44
TATA-BSP,DAO,DAO STR,306273.44
TATA-BSP,DAO,DAO ADV STR,306436.44
TATA-BSP,DAO,NEU SEC AHEAD,307840.44
TATA-BSP,DAO,IB DIST,310440.44
TATA-BSP,DAO,IB INNR DIST,311528.44
TATA-BSP,DAO,IB SIG,312496.44
TATA-BSP,DAO,JMG DIST,315373.44
TATA-BSP,DAO,JMG INNR DIST,316331.44
TATA-BSP,DAO,JMG HOME,317293.44
TATA-BSP,JMG,JMG STR,318529.44
TATA-BSP,JMG,JMG ADV STR,319082.44
TATA-BSP,JMG,L XING:281,319180.44
TATA-BSP,JMG,IBH DIST,320118.44
TATA-BSP,JMG,IBH INNR DIST,321193.44
TATA-BSP,JMG,IBH SIG,322173.44
TATA-BSP,JMG,KRL DIST,323259.44
TATA-BSP,JMG,KRL INNR DIST,324310.44
TATA-BSP,JMG,KRL HOME,325222.44
TATA-BSP,JMG,L XING:283,325800.44
TATA-BSP,KRL,KRL STR,326858.44
TATA-BSP,KRL,KRL ADV STR,327167.44
TATA-BSP,KRL,L XING:284,327336.44
TATA-BSP,KRL,IBH DIST,331275.44
TATA-BSP,KRL,IBH INNR DIST,332269.44
TATA-BSP,KRL,IBH SIG,333288.44
TATA-BSP,KRL,GATE SIG,334354.44
TATA-BSP,KRL,L XING:287,334564.44
TATA-BSP,KRL,RIG HOME,335235.44
TATA-BSP,RIG,RIG STR,336873.44
TATA-BSP,RIG,RIG ADV STR,337215.44
TATA-BSP,RIG,JSPL DIST,337954.44
TATA-BSP,RIG,JSPL INNR DIST,338942.44
TATA-BSP,RIG,JSPL HOME,339930.44
TATA-BSP,JSPL,JSPL STR,340951.44
TATA-BSP,JSPL,NEU SEC AHEAD,341279.44
TATA-BSP,JSPL,KDTR INNR DIST,341804.44
TATA-BSP,JSPL,KDTR HOME,342816.44
TATA-BSP,KDTR,KDTR STR,344043.44
TATA-BSP,KDTR,KDTR ADV STR,344660.44
TATA-BSP,KDTR,L XING:293,344903.44
TATA-BSP,KDTR,IB DIST,346927.44
TATA-BSP,KDTR,IB INNR DIST,347931.44
TATA-BSP,KDTR,IBH SIG,348933.44
TATA-BSP,KDTR,BEF INNR DIST,350154.44
TATA-BSP,KDTR,NEU SEC AHEAD,350861.44
TATA-BSP,KDTR,BEF HOME,351186.44
TATA-BSP,KDTR,BEF R HOME,352075.44
TATA-BSP,KDTR,L XING:298,352261.44
TATA-BSP,BEF,BEF STR,353235.44
TATA-BSP,BEF,L XING:299,353350.44
TATA-BSP,BEF,BEF ADV STR,353440.44
TATA-BSP,BEF,GATE DIST,354332.44
TATA-BSP,BEF,GATE INNR DIST,355381.44
TATA-BSP,BEF,GATE SIG,356366.44
TATA-BSP,BEF,L XING:301,356551.44
TATA-BSP,BEF,SPGCL HOME,358181.44
TATA-BSP,SPGCL,SPGCL STR,358967.44
TATA-BSP,SPGCL,L XING:303,359187.44
TATA-BSP,SPGCL,ROB IN DIST,360205.44
TATA-BSP,SPGCL,ROB HOME,361127.44
TATA-BSP,SPGCL,L XING:305,361326.44
TATA-BSP,ROB,ROB STR,362629.44
TATA-BSP,ROB,ROB INT STR,363016.44
TATA-BSP,ROB,ROB ADV STR,363441.44
TATA-BSP,ROB,IB DIST,364939.44
TATA-BSP,ROB,IB INNR DIST,365959.44
TATA-BSP,ROB,NEU SEC AHEAD,366221.44
TATA-BSP,ROB,IB SIG,367185.44
TATA-BSP,ROB,GATE SIG,367669.44
TATA-BSP,ROB,L XING:311,367927.44
TATA-BSP,ROB,KHS INNR DIST,368712.44
TATA-BSP,ROB,KHS HOME,369723.44
TATA-BSP,KHS,KHS STR,371192.44
TATA-BSP,KHS,L XING:313,371325.44
TATA-BSP,KHS,KHS ADV STR,371660.44
TATA-BSP,KHS,JDI DIST,372712.44
TATA-BSP,KHS,JDI INNR DIST,373853.44
TATA-BSP,KHS,JDI HOME,374789.44
TATA-BSP,KHS,L XING:316,375037.44
TATA-BSP,JDI,JDI STR,376142.44
TATA-BSP,JDI,JDI ADV STR,376494.44
TATA-BSP,JDI,NEU SEC AHEAD,377986.44
TATA-BSP,JDI,IB DIST,379757.44
TATA-BSP,JDI,IB INNR DIST,380816.44
TATA-BSP,JDI,IB SIG,381851.44
TATA-BSP,JDI,GATE INNR DIST,383501.44
TATA-BSP,JDI,GATE SIG,384510.44
TATA-BSP,JDI,L XING:320,384748.44
TATA-BSP,JDI,SKT HOME,385013.44
TATA-BSP,JDI,L XING:321,385572.44
TATA-BSP,SKT,SKT STR,386351.44
TATA-BSP,SKT,SKT ADV STR,386784.44
TATA-BSP,SKT,GATE DIST,391610.44
TATA-BSP,SKT,GATE INNR DIST,392607.44
TATA-BSP,SKT,GATE SIG,393585.44
TATA-BSP,SKT,L XING:324,393773.44
TATA-BSP,SKT,IB SIG,393953.44
TATA-BSP,SKT,JETHA,394309.44
TATA-BSP,SKT,GATE DIST,395223.44
TATA-BSP,SKT,GATE INNR DIST,396203.44
TATA-BSP,SKT,GATE SIG,397327.44
TATA-BSP,SKT,L XING:326,397466.44
TATA-BSP,SKT,BUA DIST,398094.44
TATA-BSP,SKT,BUA INNR DIST,399095.44
TATA-BSP,SKT,BUA HOME,400053.44
TATA-BSP,SKT,L XING:328,400525.44
TATA-BSP,BUA,BUA STR,401409.44
TATA-BSP,BUA,BUA ADV STR,402103.44
TATA-BSP,BUA,SGRD DIST,405424.44
TATA-BSP,BUA,SGRD INNR DIST,406436.44
TATA-BSP,BUA,SGRD HOME,407497.44
TATA-BSP,SRGD,SGRD STR,408764.44
TATA-BSP,SRGD,SGRD ADV STR,409090.44
TATA-BSP,SRGD,GATE SIG,410335.44
TATA-BSP,SRGD,L XING:334,412033.44
TATA-BSP,SRGD,GATE INNR DIST,413054.44
TATA-BSP,SRGD,L XING:335,414426.44
TATA-BSP,SRGD,GATE SIG,414482.44
TATA-BSP,SRGD,CPH HOME,414867.44
TATA-BSP,CPH,CPH STR,416791.44
TATA-BSP,CPH,L XING:338,417315.44
TATA-BSP,CPH,CPH ADV STR,417476.44
TATA-BSP,CPH,A:AJ115,418528.44
TATA-BSP,CPH,A:AJ111,419565.44
TATA-BSP,CPH,A:AJ107,420646.44
TATA-BSP,CPH,A:AJ103,421666.44
TATA-BSP,CPH,A:AJ99,422689.44
TATA-BSP,CPH,A:AJ95,423743.44
TATA-BSP,CPH,A:AJ91,425078.44
TATA-BSP,CPH,NIA HOME,426200.44
TATA-BSP,NIA,NIA STR,427754.44
TATA-BSP,NIA,L XING:345,427920.44
TATA-BSP,NIA,NIA ADV STR,428493.44
TATA-BSP,NIA,A:AJ87,429610.44
TATA-BSP,NIA,A:AJ83,430900.44
TATA-BSP,NIA,A:AJ79,432162.44
TATA-BSP,NIA,NEU SEC AHEAD,432881.44
TATA-BSP,NIA,A:AJ75,433587.44
TATA-BSP,NIA,KPNA PH,434258.44
TATA-BSP,NIA,SAG:AJ71,434617.44
TATA-BSP,NIA,L XING:348,434880.44
TATA-BSP,NIA,A:AJ67,436056.44
TATA-BSP,NIA,A:AJ63,437133.44
TATA-BSP,NIA,A:AJ59,438292.44
TATA-BSP,NIA,SAG:AJ55,439384.44
TATA-BSP,NIA,L XING:351,439669.44
TATA-BSP,NIA,A:AJ51,440370.44
TATA-BSP,NIA,AKT HOME,441437.44
TATA-BSP,AKT,AKT STR,442693.44
TATA-BSP,AKT,AKT ADV STR,443048.44
TATA-BSP,AKT,LATIA HOME,443884.44
TATA-BSP,AKT,L XING:354,444597.44
TATA-BSP,LATIA,LATIA STR,444710.44
TATA-BSP,LATIA,A:AJ45,445887.44
TATA-BSP,LATIA,L XING:355,446112.44
TATA-BSP,LATIA,A:AJ41,447196.44
TATA-BSP,LATIA,KTSH,447914.44
TATA-BSP,LATIA,A:AJ37,448421.44
TATA-BSP,LATIA,A:AJ33,449623.44
TATA-BSP,LATIA,A:AJ29,450691.44
TATA-BSP,LATIA,A:AJ25,451986.44
TATA-BSP,LATIA,A:AJ21,453277.44
TATA-BSP,LATIA,JRMG HOME,454683.44
TATA-BSP,LATIA,L XING:360,454897.44
TATA-BSP,JRMG,JRMG STR,455809.44
TATA-BSP,JRMG,JRMG ADV STR,456124.44
TATA-BSP,JRMG,NEU SEC AHEAD,456741.44
TATA-BSP,JRMG,A:AJ17,457439.44
TATA-BSP,JRMG,L XING:361,457642.44
TATA-BSP,JRMG,A:AJ13,458752.44
TATA-BSP,JRMG,A:AJ09,459888.44
TATA-BSP,JRMG,GTW HOME,461137.44
TATA-BSP,JRMG,GTW INT HOME,462210.44
TATA-BSP,GTW,GTW STR,463504.44
TATA-BSP,GTW,GTW ADV STR,463741.44
TATA-BSP,GTW,A:AJ5,465229.44
TATA-BSP,GTW,A:AJ1,466267.44
TATA-BSP,GTW,BSP HOME,467363.44
TATA-BSP,GTW,BSP INT HOME,467749.44
TATA-BSP,BSP,BSP STR,469553.88
BSP-NGP,BSP,BSP STR,0
BSP-NGP,BSP,INT STR,1028.58
BSP-NGP,BSP,INT STR,2774.42
BSP-NGP,BSP,BSP ADV STR,3294.89
BSP-NGP,BSP,NEU SEC AHEAD,3803.54
BSP-NGP,BSP,A:AR1,4236.41
BSP-NGP,BSP,DPH HOME,5184.58
BSP-NGP,DPH,DPH STR,6957.54
BSP-NGP,DPH,DPH ADV STR,7547.43
BSP-NGP,DPH,A:AR5,9293.52
BSP-NGP,DPH,CHBT PH,9909.99
BSP-NGP,DPH,A:AR9,10338.3
BSP-NGP,DPH,A:AR13,11365.73
BSP-NGP,DPH,A:AR17,12422.29
BSP-NGP,DPH,SA G:AR21,13454.23
BSP-NGP,DPH,BYL HOME,14279.71
BSP-NGP,BYL,BYL STR,15865.67
BSP-NGP,BYL,BYL ADV STR,16456.12
BSP-NGP,BYL,SA G:AR25,17165.88
BSP-NGP,BYL,A:AR29,18202.89
BSP-NGP,BYL,A:AR33,19190.55
BSP-NGP,BYL,SA G:AR37,20218.09
BSP-NGP,BYL,DGS HOME,20854.35
BSP-NGP,DGS,DGS STR,22206.27
BSP-NGP,DGS,DGS ADV STR,22785.18
BSP-NGP,DGS,SA G:AR41,23044.56
BSP-NGP,DGS,A:AR45,24244.21
BSP-NGP,DGS,A:AR49,25406.03
BSP-NGP,DGS,A:AR57,26846.74
BSP-NGP,DGS,A:AR61,27886.77
BSP-NGP,DGS,NEU SEC AHEAD,28283.03
BSP-NGP,DGS,A:AR65,29244.6
BSP-NGP,DGS,NPI HOME,30474.27
BSP-NGP,NPI,NPI STR,31984.64
BSP-NGP,NPI,NPI ADV STR,32497.53
BSP-NGP,NPI,GATE DIST,34372.68
BSP-NGP,NPI,GATE INNR DIST,35365.44
BSP-NGP,NPI,GATE SIG,36383.04
BSP-NGP,NPI,IB DIST,38020.16
BSP-NGP,NPI,IB-INR-DIST,39004.2
BSP-NGP,NPI,IBH SIG,40010.09
BSP-NGP,BYT,BYT DISTANT,42756.55
BSP-NGP,BYT,INNR DIST,43811.65
BSP-NGP,BYT,NEU SEC AHEAD,44333.52
BSP-NGP,NPI,BYT HOME,45344.8
BSP-NGP,BYT,BYT STR,46679.55
BSP-NGP,BYT,BYT INT STR,47787.91
BSP-NGP,BYT,BYT ADV STR,48159.08
BSP-NGP,BYT,GATE SIG,49778.56
BSP-NGP,BYT,GATE INNR DIST,50537.23
BSP-NGP,BYT,GATE SIG,51544.94
BSP-NGP,BYT,IB DIST,52548.64
BSP-NGP,BYT,IB-INR-DIST,53591.92
BSP-NGP,BYT,IBH SIG,54623.28
BSP-NGP,HN,HN EAST DIST,56835.9
BSP-NGP,HN,HN INNR DIST,57840.53
BSP-NGP,BYT,HN EAST HOME,59155.92
BSP-NGP,BYT,HN HOME,60617.22
BSP-NGP,HN,HN STR,61788.3
BSP-NGP,HN,HN ADV STR,62392.67
BSP-NGP,HN,GATE SIG,63344.72
BSP-NGP,HN,IB DIST,63991.25
BSP-NGP,HN,IB-INR-DIST,65065.25
BSP-NGP,HN,IBH SIG,66096.55
BSP-NGP,TLD,TLD DISTANT,68782.21
BSP-NGP,TLD,TLD INNR DIST,69859.15
BSP-NGP,TLD,NEU SEC AHEAD,70221.38
BSP-NGP,HN,TLD HOME,71110.71
BSP-NGP,TLD,TLD STR,72582.82
BSP-NGP,TLD,TLD ADV STR,72921.29
BSP-NGP,BKTHE,BKTHE DISTANT,74147.06
BSP-NGP,BKTHE,BKTHE INNR DIST,75121.89
BSP-NGP,TLD,BKTHE HOME,76296.17
BSP-NGP,BKTHE,BKTHE STR,77318.17
BSP-NGP,BKTHE,BKTHW HOME,78776.29
BSP-NGP,BKTHW,BKTHW STR,79539.22
BSP-NGP,BKTHW,GATE SIG,79816.17
BSP-NGP,BKTHW,GATE INNR DIST,81110.15
BSP-NGP,BKTHW,GATE SIG,82189.27
BSP-NGP,BKTHW,IBH SIG,83201.06
BSP-NGP,BKTHW,GATE SIG,84049.73
BSP-NGP,BKTHW,SLH HOME,85448.56
BSP-NGP,SLH,SLH STR,86958.9
BSP-NGP,SLH,SLH ADV STR,87455.68
BSP-NGP,SLH,IB DIST,90914.29
BSP-NGP,SLH,IB-INR-DIST,91940.8
BSP-NGP,SLH,IBH SIG,92951.84
BSP-NGP,MDH,MDH DISTANT,95298.16
BSP-NGP,MDH,MDH INNR DIST,96278.22
BSP-NGP,SLH,MDH HOME,97413.97
BSP-NGP,MDH,MDH STR,98683.1
BSP-NGP,MDH,MDH ADV STR,99180.56
BSP-NGP,MDH,IB DIST,99915.79
BSP-NGP,MDH,IB-INR-DIST,100900.18
BSP-NGP,MDH,IBH SIG,102242.41
BSP-NGP,URK,URK INNR DIST,103172.99
BSP-NGP,URK,NEU SEC AHEAD,103577.65
BSP-NGP,MDH,URK HOME,104330.85
BSP-NGP,URK,URK STR,105999.28
BSP-NGP,URK,URK ADV STR,106533.46
BSP-NGP,URK,GATE INNR,107580.97
BSP-NGP,URK,WRS PH,107984.27
BSP-NGP,URK,GATE SIG,108491.01
BSP-NGP,URK,R HOME,109514.81
BSP-NGP,R,R STR,110949.19
BSP-NGP,R,R ADV STR,111584.18
BSP-NGP,R,A:A401,112712.29
BSP-NGP,R,SRWN PH,113567.97
BSP-NGP,R,SA G:A399,113731.03
BSP-NGP,R,A:A397,114856.71
BSP-NGP,R,SZB HOME,115983.11
BSP-NGP,SZB,SZB STR,117168.14
BSP-NGP,SZB,SZB ADV STR,117768.8
BSP-NGP,SZB,NEU SEC AHEAD,118393.7
BSP-NGP,SZB,A:A395,118905.64
BSP-NGP,SZB,A:A393,119843.33
BSP-NGP,SZB,SA G:A391,121462.69
BSP-NGP,SZB,KMI HOME,121891.2
BSP-NGP,KMI,KMI STR,123242.71
BSP-NGP,KMI,KMI ADV STR,123811.87
BSP-NGP,KMI,A:A389,124997.68
BSP-NGP,KMI,A:A387,126199.2
BSP-NGP,KMI,CCBIN HOME,127288.71
BSP-NGP,CCBIN,CCBIN STR,127804.85
BSP-NGP,CCBIN,GCBIN HOME,128888.83
BSP-NGP,GCBIN,GCBIN STR,129841.53
BSP-NGP,GCBIN,GCBIN ADV STR,130357.17
BSP-NGP,GCBIN,A:A385,131377.7
BSP-NGP,GCBIN,BIA HOME,132696.46
BSP-NGP,BIA,BIA STR,134243.79
BSP-NGP,BIA,BIA ADV STR,134995.42
BSP-NGP,BIA,NEU SEC AHEAD,135584.68
BSP-NGP,BIA,SA G:A379,136442.4
BSP-NGP,BIA,A:A377,137812.21
BSP-NGP,BIA,BPHB PH,138596.21
BSP-NGP,BIA,A:A375,139020.38
BSP-NGP,BIA,A:A373,140302.58
BSP-NGP,BIA,BQR HOME,141487.54
BSP-NGP,BQR,BQR STR,143251.52
BSP-NGP,BQR,BQR ADV STR,143797.14
BSP-NGP,DLBS,DLBS HOME,145283.41
BSP-NGP,DLBS,DURG HOME,146185.52
BSP-NGP,DLBS,DURG INT HOME,146542.22
BSP-NGP,DURG,DURG STR,147886.78
BSP-NGP,DURG,DURG ADV STR,148385.03
BSP-NGP,DURG,SA G:A361,149305.79
BSP-NGP,DURG,SA G:A359,150635.35
BSP-NGP,DURG,A:A357,152461.71
BSP-NGP,DURG,RSM HOME,154115.24
BSP-NGP,RSM,RSM STR,155752.64
BSP-NGP,RSM,RSM ADV STR,156171.23
BSP-NGP,RSM,NEU SEC AHEAD,158003.26
BSP-NGP,RSM,SA G:A351,158920.6
BSP-NGP,RSM,A:A349,160271.57
BSP-NGP,RSM,SA G:A347,161841.76
BSP-NGP,RSM,MUP HOME,162288.33
BSP-NGP,MUP,MUP STR,163371.32
BSP-NGP,MUP,MUP ADV STR,163661.46
BSP-NGP,MUP,A:A345,165802.09
BSP-NGP,MUP,A:A343,167516.92
BSP-NGP,MUP,PMS HOME,169012.51
BSP-NGP,PMS,PMS STR,170248.11
BSP-NGP,PMS,PMS INT STR,170598.01
BSP-NGP,PMS,PMS ADV STR,171078.8
BSP-NGP,PMS,A:A341,172856.65
BSP-NGP,PMS,A:A339,174661.97
BSP-NGP,PMS,DJ OPEN,175050.85
BSP-NGP,PMS,RJN HOME,177142.8
BSP-NGP,RJN,RJN STR,178325.65
BSP-NGP,RJN,RJN ADV STR,178779.97
BSP-NGP,RJN,A:A335,179437.86
BSP-NGP,RJN,A:A333,180951.97
BSP-NGP,RJN,A:A331,182112.46
BSP-NGP,RJN,A:A329,183539.61
BSP-NGP,RJN,SA G:A327,185250.96
BSP-NGP,RJN,SA G:A325,186994.21
BSP-NGP,RJN,BAKL HOME,187477.75
BSP-NGP,BAKL,BAKL STR,188786.69
BSP-NGP,BAKL,BAKL ADV STR,189173.09
BSP-NGP,BAKL,SA G:A317,190736.51
BSP-NGP,BAKL,SA G:A315,192398.56
BSP-NGP,BAKL,SA G:A313,193408.64
BSP-NGP,BAKL,A:A311,194712.83
BSP-NGP,BAKL,MUA HOME,195701.37
BSP-NGP,MUA,MUA STR,196804.43
BSP-NGP,MUA,MUA ADV STR,197292.07
BSP-NGP,MUA,DJ OPEN,198469.8
BSP-NGP,MUA,A:A305,199144.12
BSP-NGP,MUA,A:A303,200193.54
BSP-NGP,MUA,A:A301,201209.89
BSP-NGP,MUA,JTR HOME,202274.76
BSP-NGP,JTR,JTR STR,203472.72
BSP-NGP,JTR,JTR ADV STR,203887.1
BSP-NGP,JTR,A:A293,205186.69
BSP-NGP,JTR,SA G:A291,206649.02
BSP-NGP,JTR,DGG HOME,208354.27
BSP-NGP,DGG,DGG STR,209717.65
BSP-NGP,DGG,DGG ADV STR,210324.91
BSP-NGP,DGG,A:A289,211578.2
BSP-NGP,DGG,A:A287,212562.18
BSP-NGP,DGG,SA G:A285,213806.44
BSP-NGP,DGG,SA G:A283,215022.21
BSP-NGP,DGG,PJB HOME,216305.05
BSP-NGP,PJB,PJB STR,217448.49
BSP-NGP,PJB,PJB ADV STR,217800.63
BSP-NGP,PJB,SA G:A215,219644.51
BSP-NGP,PJB,DJ OPEN,220047.34
BSP-NGP,PJB,A:A213,222089.53
BSP-NGP,PJB,A :A211,223657.83
BSP-NGP,PJB,BTL HOME,224648.89
BSP-NGP,BTL,BTL STR,225699.63
BSP-NGP,BTL,BTL ADV STR,226366.99
BSP-NGP,BTL,A:A207,228161.22
BSP-NGP,BTL,SA G:A205,229215.07
BSP-NGP,BTL,A:A203,230225.86
BSP-NGP,BTL,A:A201,231226.17
BSP-NGP,BTL,DKS HOME,232250.61
BSP-NGP,DKS,DKS STR,233382.7
BSP-NGP,DKS,DKS ADV STR,233617.43
BSP-NGP,DKS,A:A199,235286.83
BSP-NGP,DKS,A:A197,236417.79
BSP-NGP,DKS,SA G:A195,237442.95
BSP-NGP,DKS,A:A193,238638.53
BSP-NGP,DKS,SA G:A191,239649.68
BSP-NGP,DKS,A:A189,240735.81
BSP-NGP,DKS,DJ OPEN,241210.83
BSP-NGP,DKS,SA G:A187,241661.01
BSP-NGP,DKS,SKS HOME,242763.69
BSP-NGP,SKS,SKS STR,243841.16
BSP-NGP,SKS,SKS ADV STR,244185.68
BSP-NGP,SKS,A:A185,245432.62
BSP-NGP,SKS,SA G:A183,246446.92
BSP-NGP,SKS,A:A181,246957.5
BSP-NGP,SKS,SA G:A179,248344.58
BSP-NGP,SKS,A:A177,249355.95
BSP-NGP,SKS,DNL HOME,250446.33
BSP-NGP,DNL,DNL STR,251789.72
BSP-NGP,DNL,DNL ADV STR,252075.25
BSP-NGP,DNL,A:A171,253216.3
BSP-NGP,DNL,SA G:A169,254161.26
BSP-NGP,DNL,SA G:A167,255373.1
BSP-NGP,DNL,AGN HOME,257695.98
BSP-NGP,AGN,AGN STR,258948.35
BSP-NGP,AGN,AGN ADV STR,259279.85
BSP-NGP,AGN,SA G:A165,260688.86
BSP-NGP,AGN,DJ OPEN,261091.24
BSP-NGP,AGN,A:A163,262510.25
BSP-NGP,AGN,SA G:A161,263688.81
BSP-NGP,AGN,SA G:A159,266185.7
BSP-NGP,AGN,A:A157,267567.02
BSP-NGP,AGN,GDM HOME,268589.51
BSP-NGP,GDM,GDM STR,269657.09
BSP-NGP,GDM,GDM ADV STR,270130.91
BSP-NGP,GDM,SA G:A153,271339
BSP-NGP,GDM,A:A151,273647.45
BSP-NGP,GDM,SA G:A149,274842.52
BSP-NGP,GDM,A:A147,276385.91
BSP-NGP,GDM,A:A145,277844.81
BSP-NGP,GDM,DJ OPEN,278463.88
BSP-NGP,GDM,SA G:A143,278828.51
BSP-NGP,GDM,G HOME,280157.2
BSP-NGP,G,G STR,281584.72
BSP-NGP,G,G ADV STR,282189.99
BSP-NGP,G,SA G:A141,283009.93
BSP-NGP,G,SA G:A139,284195.52
BSP-NGP,G,SA G:A137,285183.13
BSP-NGP,G,A:A135,286358.27
BSP-NGP,G,A:A133,287360.68
BSP-NGP,G,SA G:A131,288367.12
BSP-NGP,G,A:A129,289397.43
BSP-NGP,G,SA G:A127,290377.32
BSP-NGP,G,A:A125,292076.36
BSP-NGP,G,A:A123,293049.11
BSP-NGP,G,GJ HOME,294121.89
BSP-NGP,GJ,GJ STR,295376.69
BSP-NGP,GJ,GJ ADV STR,295642.59
BSP-NGP,GJ,SA G:A121,297409.6
BSP-NGP,GJ,A:A119,298534.02
BSP-NGP,GJ,A:A117,299823.68
BSP-NGP,GJ,A:A115,300832.44
BSP-NGP,GJ,SA G:A113,301795.17
BSP-NGP,GJ,KWN HOME,302440.99
BSP-NGP,KWN,KWN STR,303929.69
BSP-NGP,KWN,KWN ADV STR,304225.38
BSP-NGP,KWN,DJ OPEN,304850.84
BSP-NGP,KWN,SA G:A111,305621.16
BSP-NGP,KWN,A:A109,306813.03
BSP-NGP,KWN,SA G:A107,307723.03
BSP-NGP,KWN,A:A105,308760.98
BSP-NGP,KWN,TRO HOME,309768.36
BSP-NGP,TRO,TRO STR,310924.9
BSP-NGP,TRO,TRO ADV STR,311208.47
BSP-NGP,TRO,A:A103,312411.24
BSP-NGP,TRO,SA G:A101,313878.11
BSP-NGP,TRO,A:A99,314956.41
BSP-NGP,TRO,SA G:A97,316158.33
BSP-NGP,TRO,A:A95,317178.61
BSP-NGP,TRO,A:A93,318389.75
BSP-NGP,TRO,MNU HOME,319674.12
BSP-NGP,MNU,MNU STR,320759.68
BSP-NGP,MNU,MNU ADV STR,321049.12
BSP-NGP,MNU,A:A91,322103.63
BSP-NGP,MNU,A:A89,323130.73
BSP-NGP,MNU,A:A87,324135.67
BSP-NGP,MNU,A:A85,325213.95
BSP-NGP,MNU,A:A83,326183.53
BSP-NGP,MNU,SA G:A81,327449.15
BSP-NGP,MNU,DJ OPEN,328267.56
BSP-NGP,MNU,A:A79,328684.74
BSP-NGP,MNU,TMR HOME,329690.97
BSP-NGP,TMR,TMR STR,331013.32
BSP-NGP,TMR,TMR ADV STR,331686.02
BSP-NGP,TMR,A:A77,332705.49
BSP-NGP,TMR,SA G:A75,333699.7
BSP-NGP,TMR,A:A73,335478.59
BSP-NGP,TMR,SA G:A71,336578.42
BSP-NGP,TMR,A:A69,337834.25
BSP-NGP,TMR,A:A67,338904.81
BSP-NGP,TMR,K HOME,339938.06
BSP-NGP,K,K STR,341189.1
BSP-NGP,K,K INT STR,342083.09
BSP-NGP,K,K ADV STR,342285.88
BSP-NGP,K,SA G:A65,343217.05
BSP-NGP,K,A:A63,344177.17
BSP-NGP,K,A:A61,345172.47
BSP-NGP,K,DJ OPEN,345659.75
BSP-NGP,K,A:A59,346184.28
BSP-NGP,K,BRD HOME,347777.72
BSP-NGP,BRD,BRD STR,348978.91
BSP-NGP,BRD,BRD ADV STR,349401.25
BSP-NGP,BRD,A:A55,351075.02
BSP-NGP,BRD,SA G:A51,353554.44
BSP-NGP,BRD,A:A49,354869.23
BSP-NGP,BRD,SA G:A47,356199.95
BSP-NGP,BRD,KT HOME,357745.15
BSP-NGP,KT,KT STR,358880.51
BSP-NGP,KT,KT ADV STR,359275.26
BSP-NGP,KT,A:A45,360242.67
BSP-NGP,KT,A:A43,361893.35
BSP-NGP,KT,A:A41,363788.18
BSP-NGP,KT,A:A39,365764.62
BSP-NGP,KT,RRL HOME,366868.56
BSP-NGP,RRL,RRL STR,368011.02
BSP-NGP,RRL,RRL ADV STR,368412.28
BSP-NGP,RRL,A:A37,369798
BSP-NGP,RRL,DJ OPEN,370544.99
BSP-NGP,RRL,A:A35,371176.12
BSP-NGP,RRL,TAR HOME,372369.65
BSP-NGP,TAR,TAR STR,373509.06
BSP-NGP,TAR,TAR ADV STR,373795.96
BSP-NGP,TAR,SA G:A33,375042.89
BSP-NGP,TAR,A:A31,376219.62
BSP-NGP,TAR,A:A29,377322.87
BSP-NGP,TAR,CHCR HOME,378712.94
BSP-NGP,CHCR,CHCR STR,380099.47
BSP-NGP,CHCR,CHCR ADV STR,380476.43
BSP-NGP,CHCR,A:A23,381572.51
BSP-NGP,CHCR,SA G:A21,382646.03
BSP-NGP,CHCR,A:A19,384006.32
BSP-NGP,CHCR,SAL HOME,385300.22
BSP-NGP,SAL,SAL STR,386533.36
BSP-NGP,SAL,SAL ADV STR,386817.58
BSP-NGP,SAL,A:A17,388024.16
BSP-NGP,SAL,A:A13,389789.44
BSP-NGP,SAL,NEU SEC AHEAD,390111.52
BSP-NGP,SAL,KNHN HOME,390881.91
BSP-NGP,KNHN,KNHN STR,392415.9
BSP-NGP,KNHN,KNHN ADV STR,392673.67
BSP-NGP,KNHN,A:A11,394012.47
BSP-NGP,KNHN,SA G:A9,395186.08
BSP-NGP,KNHN,KP HOME,395491.19
BSP-NGP,KP,KP STR,396710.31
BSP-NGP,KP,KP ADV STR,397010.96
BSP-NGP,KP,A:A5,398310.48
BSP-NGP,KP,A:A3,400462.31
BSP-NGP,KP,A:A1,401496.08
BSP-NGP,KP,KAV HOME,402987.64
BSP-NGP,KAV,KAV INT HOME,403700.07
BSP-NGP,KAV,KAV STR,404528.73
BSP-NGP,KAV,KAV ADV STR,405108.98
BSP-NGP,KAV,GATE IN DIST,406572.55
BSP-NGP,KAV,DJ OPEN,407745.64
BSP-NGP,KAV,GATE SIG,408050.78
BSP-NGP,KAV,NGP HOME,408839.37
BSP-NGP,KAV,NGP INT HOME,409657.97
BSP-NGP,KAV,NGP R HOME,410075.13
BSP-NGP,NGP,NGP STR,410963.59
BSP-GAD,BSP,BSP STR,0
BSP-GAD,BSP,BSP ADV STR,978.06
BSP-GAD,BSP,A:AJ2,1938.86
BSP-GAD,BSP,A:AJ6,3352.74
BSP-GAD,BSP,GTW HOME,4665.23
BSP-GAD,GTW,GTW STR,6023.99
BSP-GAD,GTW,GTW INT STR,7060.87
BSP-GAD,GTW,GTW ADV STR,7320.77
BSP-GAD,GTW,A:AJ10,8611.96
BSP-GAD,GTW,A:AJ14,9675.63
BSP-GAD,GTW,SAG:AJ18,10796.24
BSP-GAD,GTW,NEU SEC AHEAD,11571.67
BSP-GAD,GTW,JRMG HOME,11992.04
BSP-GAD,JRMG,JRMG STR,13411.9
BSP-GAD,JRMG,JRMG ADV STR,13749.49
BSP-GAD,JRMG,A:AJ22,15043.2
BSP-GAD,JRMG,A:AJ26,16390.27
BSP-GAD,JRMG,A:AJ30,17657.21
BSP-GAD,JRMG,A:AJ34,18799.73
BSP-GAD,JRMG,KTSH,19615.17
BSP-GAD,JRMG,A:AJ38,19977.61
BSP-GAD,JRMG,A:AJ42,21176.83
BSP-GAD,JRMG,A:AJ46,22261.04
BSP-GAD,JRMG,LATIA HOME,23750.89
BSP-GAD,LATIA,LATIA STR,24201.15
BSP-GAD,LATIA,AKT HOME,25401.66
BSP-GAD,AKT,AKT STR,26630.49
BSP-GAD,AKT,AKT ADV STR,26955.02
BSP-GAD,AKT,A:AJ52,27815.72
BSP-GAD,AKT,SAG:AJ56,28593
BSP-GAD,AKT,A:AJ60,29862.22
BSP-GAD,AKT,A:AJ64,31041.03
BSP-GAD,AKT,A:AJ68,32247
BSP-GAD,AKT,SAG:AJ72,33340.18
BSP-GAD,AKT,KPNA,33702.81
BSP-GAD,AKT,A:AJ76,34671.83
BSP-GAD,AKT,NEU SEC AHEAD,35583.31
BSP-GAD,AKT,A:AJ80,36069.75
BSP-GAD,AKT,A:AJ84,37337.59
BSP-GAD,AKT,A:AJ88,38680.46
BSP-GAD,AKT,NIA HOME,39763.8
BSP-GAD,NIA,NIA STR,41515.24
BSP-GAD,NIA,NIA ADV STR,42148.05
BSP-GAD,NIA,A:AJ92,43264.05
BSP-GAD,NIA,A:AJ96,44340.72
BSP-GAD,NIA,A:AJ100,45625.63
BSP-GAD,NIA,A:AJ104,46627.83
BSP-GAD,NIA,A:AJ108,47696.57
BSP-GAD,NIA,A:AJ112,48712.99
BSP-GAD,NIA,A:AJ116,49746.5
BSP-GAD,NIA,CPH HOME,50989.41
BSP-GAD,CPH,CPH STR,52401.4
BSP-GAD,CPH,CPH ADV STR,52872.89
BSP-GAD,CPH,NEU SEC AHEAD,53769.44
BSP-GAD,CPH,A:AG1,53971.29
BSP-GAD,CPH,SVNI HOME,54829.52
BSP-GAD,SIVNI,SVNI STR,55798.5
BSP-GAD,SIVNI,SA G:AG5,56742.98
BSP-GAD,SIVNI,SA G:AG7,57567.68
BSP-GAD,SIVNI,BPRH HOME,58905.52
BSP-GAD,BPRH,BPRH STR,60050.8
BSP-GAD,BPRH,BPRH ADV STR,60282.92
BSP-GAD,BPRH,A:AG9,61077.83
BSP-GAD,BPRH,SAG:AG11,61950.31
BSP-GAD,BPRH,KTHD HOME,62916.27
BSP-GAD,KTHD,KTHD STR,64407.16
BSP-GAD,KTHD,KTHD ADV STR,64799.28
BSP-GAD,KTHD,SAG:AG13,65666.65
BSP-GAD,KTHD,A:AG15,66701.9
BSP-GAD,KTHD,MWRN HOME,67697.93
BSP-GAD,MWRN,MWRN STR,68770.12
BSP-GAD,MWRN,MWRN ADV STR,69331.5
BSP-GAD,MWRN,SAG:AG19,70734.33
BSP-GAD,MWRN,A:AG21,72104.37
BSP-GAD,MWRN,SRBA HOME,73210.42
BSP-GAD,SRBA,SRBA STR,74535.23
BSP-GAD,SRBA,SRBA ADV STR,74910.79
BSP-GAD,SRBA,SAG:AG25,76320.29
BSP-GAD,SRBA,PLAU HOME,77308.06
BSP-GAD,PLAU,PLAU STR,77841.53
BSP-GAD,PLAU,A:AG27,78955.22
BSP-GAD,PLAU,URGA HOME,79790.99
BSP-GAD,URGA,URGA STR,80767.42
BSP-GAD,URGA,URGA ADV STR,81316.28
BSP-GAD,URGA,SAG:AG29,82000.21
BSP-GAD,URGA,A:AG31,83137.72
BSP-GAD,URGA,SAG:AG33,84158.41
BSP-GAD,URGA,A:AG35,85159.35
BSP-GAD,URGA,SAG:AG37,86130.25
BSP-GAD,URGA,A:AG39,87130.74
BSP-GAD,URGA,KRBA HOME,88358.49
BSP-GAD,KRBA,KRBA STR,89779.59
BSP-GAD,KRBA,KRBA INT STR,90433.88
BSP-GAD,KRBA,KRBA ADV STR,90878.15
BSP-GAD,KRBA,GATE SIG,90959.15
BSP-GAD,KRBA,GATE SIG,91466.01
BSP-GAD,KRBA,A:AG43,92254.25
BSP-GAD,KRBA,KBS HOME,93303.48
BSP-GAD,KBS,KBS STR,94818.8
BSP-GAD,GAD,GAD HOME,95937.37
BSP-GAD,GAD,GAD STR,96600
GAD-BSP,GAD,GAD STR,0
GAD-BSP,GAD,GAD ADV STR,575.98
GAD-BSP,KBS,KBS HOME,1565.79
GAD-BSP,KBS,KBS STR,2578.15
GAD-BSP,KBS,KBS INT STR,3008.27
GAD-BSP,KBS,KBS ADV STR,3659.03
GAD-BSP,KBS,A:AG42,5052.85
GAD-BSP,KBS,KRBA HOME,5882.13
GAD-BSP,KBS,DJ OPEN,6275.85
GAD-BSP,KRBA,KRBA STR,7614.16
GAD-BSP,KRBA,KRBA ADV STR,8204.33
GAD-BSP,KRBA,A:AG40,9183.54
GAD-BSP,KRBA,SAG:AG38,10092.05
GAD-BSP,KRBA,A:AG36,11043.41
GAD-BSP,KRBA,SAG:AG34,12041.12
GAD-BSP,KRBA,A:AG32,13099.23
GAD-BSP,KRBA,SAG:AG30,14178.38
GAD-BSP,KRBA,URGA HOME,14927.6
GAD-BSP,URGA,URGA STR,16328.48
GAD-BSP,URGA,URGA ADV STR,16563.68
GAD-BSP,URGA,PLAU HOME,17800.9
GAD-BSP,PLAU,PLAU STR,18571.46
GAD-BSP,PLAU,SAG:AG26,19535.09
GAD-BSP,PLAU,SAG:AG24,20718.86
GAD-BSP,PLAU,SRBA HOME,21308.54
GAD-BSP,SRBA,SRBA STR,22468.22
GAD-BSP,SRBA,SRBA ADV STR,22892.04
GAD-BSP,SRBA,A:AG22,24181.6
GAD-BSP,SRBA,SAG:AG20,24967.61
GAD-BSP,SRBA,A:AG18,25951.85
GAD-BSP,SRBA,MWRN HOME,26887.05
GAD-BSP,MWRN,MWRN STR,28149.72
GAD-BSP,MWRN,MWRN ADV STR,28454.46
GAD-BSP,MWRN,A:AG16,29308.43
GAD-BSP,MWRN,SAG:AG14,30130.58
GAD-BSP,MWRN,KTHD HOME,31302.39
GAD-BSP,KTHD,KTHD STR,32564.05
GAD-BSP,KTHD,KTHD ADV STR,32890.64
GAD-BSP,KTHD,SAG:AG12,33789.08
GAD-BSP,KTHD,A:AG10,34800.57
GAD-BSP,KTHD,BPRH HOME,35775.42
GAD-BSP,BPRH,BPRH STR,36912.25
GAD-BSP,BPRH,BPRH ADV STR,37140.59
GAD-BSP,BPRH,SAG:AG8,38159.1
GAD-BSP,BPRH,SAG:AG6,39079.11
GAD-BSP,BPRH,SIVNI HOME,40013.71
GAD-BSP,BPRH,NEU SEC AHEAD,40880.21
GAD-BSP,SIVNI,SIVNI STR,41253.04
GAD-BSP,SIVNI,A:AG4,42653.04
GAD-BSP,SIVNI,A:AG2,44003.04
GAD-BSP,SIVNI,CPH HOME,45203.04
GAD-BSP,CPH,CPH STR,46523.2
GAD-BSP,CPH,CPH ADV STR,47190.44
GAD-BSP,CPH,A:AJ115,48241.1
GAD-BSP,CPH,A:AJ111,49270.04
GAD-BSP,CPH,A:AJ107,50341.34
GAD-BSP,CPH,A:AJ103,51348.79
GAD-BSP,CPH,A:AJ99,52356.49
GAD-BSP,CPH,A:AJ95,53406.5
GAD-BSP,CPH,A:AJ91,54745.02
GAD-BSP,CPH,NIA HOME,55888.07
GAD-BSP,NIA,NIA STR,57435.44
GAD-BSP,NIA,NIA ADV STR,58168.99
GAD-BSP,NIA,A:AJ87,59270.27
GAD-BSP,NIA,A:AJ83,60563.49
GAD-BSP,NIA,A:AJ79,61802.35
GAD-BSP,NIA,NEU SEC AHEAD,62511.74
GAD-BSP,NIA,A:AJ75,63238.7
GAD-BSP,NIA,KPNA PH,63906.41
GAD-BSP,NIA,SAG:AJ71,64274.84
GAD-BSP,NIA,A:AJ67,65691.66
GAD-BSP,NIA,A:AJ63,66772.92
GAD-BSP,NIA,A:AJ59,67938.13
GAD-BSP,NIA,SAG:AJ55,69009.48
GAD-BSP,NIA,A:AJ51,69997.97
GAD-BSP,NIA,AKT HOME,71080.87
GAD-BSP,AKT,AKT STR,72336.94
GAD-BSP,AKT,AKT ADV STR,72676.58
GAD-BSP,AKT,LATIA HOME,73509.62
GAD-BSP,LATIA,LATIA STR,74317.9
GAD-BSP,LATIA,A:AJ45,75479.64
GAD-BSP,LATIA,A:AJ41,76789.11
GAD-BSP,LATIA,KTSH,77512.67
GAD-BSP,LATIA,A:AJ37,78001.96
GAD-BSP,LATIA,A:AJ33,79208.91
GAD-BSP,LATIA,A:AJ29,80273.51
GAD-BSP,LATIA,A:AJ25,81543.51
GAD-BSP,LATIA,A:AJ21,82847.09
GAD-BSP,LATIA,JRMG HOME,84258.86
GAD-BSP,JRMG,JRMG STR,85394.79
GAD-BSP,JRMG,JRMG ADV STR,85709.21
GAD-BSP,JRMG,NEU SEC AHEAD,86321.64
GAD-BSP,JRMG,A:AJ17,87022.73
GAD-BSP,JRMG,A:AJ13,88323.28
GAD-BSP,JRMG,A:AJ09,89458.71
GAD-BSP,JRMG,GTW HOME,90708.75
GAD-BSP,JRMG,GTW INT HOME,91770.74
GAD-BSP,GTW,GTW STR,93046.57
GAD-BSP,GTW,GTW ADV STR,93283.12
GAD-BSP,GTW,A:AJ5,94767.7
GAD-BSP,GTW,A:AJ1,95807.8
GAD-BSP,GTW,BSP HOME,96901.2
GAD-BSP,GTW,BSP INT HOME,97278.42
GAD-BSP,BSP,BSP STR,99082.42
USL-NKJ,USL,USL STR,0
USL-NKJ,USL,USL ADV STR,590.37
USL-NKJ,USL,A:AK3,2236.35
USL-NKJ,USL,A:AK5,3636.48
USL-NKJ,USL,A:AK7,5015.41
USL-NKJ,USL,GTK HOME,6214.62
USL-NKJ,GTK,GTK STR,7506.54
USL-NKJ,GTK,GTK ADV STR,7979.5
USL-NKJ,GTK,NEU SEC,9532.47
USL-NKJ,GTK,KLTR DIST,12695.9
USL-NKJ,GTK,KLTR INNR DIST,13630.26
USL-NKJ,GTK,KLTR HOME,14650.47
USL-NKJ,KLTR,KLTR STR,15867.71
USL-NKJ,KLTR,KLTR ADV STR,16218.43
USL-NKJ,KLTR,KGB DIST,20304.51
USL-NKJ,KLTR,KGB INNR DIST,21268.63
USL-NKJ,KLTR,KGB HOME,22278.59
USL-NKJ,KGB,KGB STR,23456.61
USL-NKJ,KGB,KGB ADV STR,23923.14
USL-NKJ,KGB,SLKR DIST,28179.01
USL-NKJ,KGB,SLKR INNR DIST,29159.32
USL-NKJ,KGB,SLKR HOME,30160.98
USL-NKJ,SLKR,SLKR STR,31474.63
USL-NKJ,SLKR,SLKR ADV STR,31849.88
USL-NKJ,SLKR,BIG DIST,35772.29
USL-NKJ,SLKR,BIG INNR DIST,36780.95
USL-NKJ,SLKR,NEU SEC,37483.42
USL-NKJ,SLKR,BIG HOME,37781.86
USL-NKJ,BIG,BIG STR,39080.29
USL-NKJ,BIG,BIG ADV STR,39606.03
USL-NKJ,BIG,TGQ DIST,45670.51
USL-NKJ,BIG,TGQ INNR DIST,46718.22
USL-NKJ,BIG,TGQ HOME,47755.63
USL-NKJ,TGQ,TGQ STR,48925.92
USL-NKJ,TGQ,TGQ ADV STR,49260.78
USL-NKJ,TGQ,KGS DIST,53584.52
USL-NKJ,TGQ,KGS INNR DIST,54595.11
USL-NKJ,TGQ,KGS HOME,55695.08
USL-NKJ,KGS,KGS STR,57086.67
USL-NKJ,KGS,KGS ADV STR,57451.17
USL-NKJ,KGS,NEU SEC,58881.32
USL-NKJ,KGS,BHTK DIST,68103.29
USL-NKJ,KGS,BHTK INNR DIST,69203.29
USL-NKJ,KGS,BHTK HOME,70203.29
USL-NKJ,BHTK,BHTK STR,70959.29
USL-NKJ,BHTK,BHTK ADV STR,71156.97
USL-NKJ,BHTK,KOI DIST,78921.38
USL-NKJ,BHTK,KOI INNR DIST,79921.38
USL-NKJ,BHTK,KOI HOME,80959.38
USL-NKJ,KOI,KOI STR,82319.05
USL-NKJ,KOI,KOI ADV STR,82615.7
USL-NKJ,KOI,SBRA DIST,85156.76
USL-NKJ,KOI,SBRA INNR DIST,86229.26
USL-NKJ,KOI,SBRA HOME,87195.86
USL-NKJ,SBRA,SBRA STR,88308.66
USL-NKJ,SBRA,SBRA ADV STR,88551.46
USL-NKJ,SBRA,PND DIST,91422.56
USL-NKJ,SBRA,PND INNR DIST,92539
USL-NKJ,SBRA,NEU SEC,92592.62
USL-NKJ,SBRA,PND HOME,93709.58
USL-NKJ,PND,PND STR,95208.79
USL-NKJ,PND,PND ADV STR,95680.46
USL-NKJ,PND,HRB DIST,99914.27
USL-NKJ,PND,HRB INNR DIST,100940.69
USL-NKJ,PND,HRB HOME,102012.68
USL-NKJ,HRB,HRB STR,103627.12
USL-NKJ,HRB,HRB ADV STR,104147.42
USL-NKJ,HRB,VKR DIST,110974.78
USL-NKJ,HRB,VKR INNR DIST,111995.87
USL-NKJ,HRB,VKR HOME,113046.5
USL-NKJ,VKR,VKR STR,114230.28
USL-NKJ,VKR,VKR ADV STR,114494.24
USL-NKJ,VKR,NIQ DIST,117965.75
USL-NKJ,VKR,NIQ INNR DIST,118937.4
USL-NKJ,VKR,NIQ HOME,120168.48
USL-NKJ,NIQ,NIQ STR,121480.37
USL-NKJ,NIQ,NIQ ADV STR,121865.77
USL-NKJ,NIQ,NEU SEC,124596.93
USL-NKJ,NIQ,JTI DIST,127431.37
USL-NKJ,NIQ,JTI INNR DIST,128491.78
USL-NKJ,NIQ,JTI HOME,129569.31
USL-NKJ,JTI,JTI STR,131318.54
USL-NKJ,JTI,JTI ADV STR,131949.43
USL-NKJ,JTI,GATE DIST,133713.38
USL-NKJ,JTI,GATE INNR DIST,134742.89
USL-NKJ,JTI,GATE SIG,135780.19
USL-NKJ,JTI,CLF DIST,136541.13
USL-NKJ,JTI,CLF INNR DIST,137565.5
USL-NKJ,JTI,CLF HOME,138591.6
USL-NKJ,CLF,CLF STR,140077.3
USL-NKJ,CLF,CLF INT STR,140863.77
USL-NKJ,CLF,CLF ADV STR,141061.27
USL-NKJ,CLF,APR DIST,141814.53
USL-NKJ,CLF,APR INNR DIST,142840.18
USL-NKJ,CLF,NEU SEC,143285.32
USL-NKJ,CLF,APR HOME,143809.61
USL-NKJ,CLF,APR R HOME,144282.83
USL-NKJ,APR,APR STR,145625.67
USL-NKJ,APR,APR ADV STR,145985.33
USL-NKJ,APR,IB-INR-DIST,146710.21
USL-NKJ,APR,IB,147762.75
USL-NKJ,APR,AAL DIST,154703.72
USL-NKJ,APR,AAL INNR DIST,155706.18
USL-NKJ,APR,AAL HOME,156715.53
USL-NKJ,AAL,AAL STR,158035.91
USL-NKJ,AAL,AAL ADV STR,158463.62
USL-NKJ,AAL,AAL GATE SIG,159045.06
USL-NKJ,AAL,IB-INR-DIST,159404.18
USL-NKJ,AAL,IB,160430.99
USL-NKJ,AAL,BUH DIST,162561.07
USL-NKJ,AAL,BUH INNR DIST,163566.6
USL-NKJ,AAL,BUH HOME,165228.73
USL-NKJ,BUH,BUH STR,166482.63
USL-NKJ,BUH,BUH ADV STR,166788.04
USL-NKJ,BUH,IB DIST,169272.18
USL-NKJ,BUH,IB-INR-DIST,170325.92
USL-NKJ,BUH,IB,171321.74
USL-NKJ,BUH,SNGP DIST,176699.69
USL-NKJ,BUH,SNGP INNR DIST,177703.44
USL-NKJ,BUH,SNGP HOME,178718.68
USL-NKJ,SNGP,SNGP STR,179833.05
USL-NKJ,SNGP,SNGP ADV STR,180066.56
USL-NKJ,SNGP,SDL DIST,181643.48
USL-NKJ,SNGP,SDL INNR DIST,182834.21
USL-NKJ,SNGP,SDL HOME,183887.23
USL-NKJ,SDL,SDL STR,185447.76
USL-NKJ,SDL,SDL ADV STR,186044.88
USL-NKJ,SDL,IB DIST,187156.82
USL-NKJ,SDL,IB-INR-DIST,188146.39
USL-NKJ,SDL,IB,189127.39
USL-NKJ,SDL,NEU SEC,189592.34
USL-NKJ,SDL,BDWA DIST,190881.87
USL-NKJ,SDL,BDWA INNR DIST,191867.3
USL-NKJ,SDL,BDWA HOME,192840.96
USL-NKJ,BDWA,BDWA STR,194021.25
USL-NKJ,BDWA,BDWA ADV STR,194285.74
USL-NKJ,BDWA,IB DIST,198093.37
USL-NKJ,BDWA,IB-INNR-DIST,199135.82
USL-NKJ,BDWA,IB,200154.16
USL-NKJ,BDWA,GGT DIST,202652.18
USL-NKJ,BDWA,GGT INNR DIST,203684.82
USL-NKJ,BDWA,GGT HOME,204698.11
USL-NKJ,GGT,GGT STR,205964.98
USL-NKJ,GGT,GGT ADV STR,206279.98
USL-NKJ,GGT,GATE DIST,207518.1
USL-NKJ,GGT,GATE INNR DIST,208529.43
USL-NKJ,GGT,GATE SIG,209785.5
USL-NKJ,GGT,IB-INR-DIST,210343.64
USL-NKJ,GGT,IB,211670.77
USL-NKJ,GGT,MDXR DIST,213374.73
USL-NKJ,GGT,MDXR INNR DIST,214385.69
USL-NKJ,GGT,MDXR HOME,215348.52
USL-NKJ,MDXR,MDXR STR,216535.98
USL-NKJ,MDXR,MDXR ADV STR,216925.21
USL-NKJ,MDXR,BRS DIST,218218.87
USL-NKJ,MDXR,BRS INNR DIST,219322.79
USL-NKJ,MDXR,BRS HOME,220354.22
USL-NKJ,BRS,BRS STR,221882.04
USL-NKJ,BRS,BRS ADV STR,222347.34
USL-NKJ,BRS,GATE DIST,225181.73
USL-NKJ,BRS,GATE INNR DIST,226194.4
USL-NKJ,BRS,GATE SIG,227184.03
USL-NKJ,BRS,NRZB HOME,227786.94
USL-NKJ,NRZB,NRZB STR,229215.23
USL-NKJ,NRZB,NRZB ADV STR,229460.66
USL-NKJ,NRZB,GATE INNR DIST,230772.52
USL-NKJ,NRZB,GATE SIG,231763.92
USL-NKJ,NRZB,NEU SEC,232310.79
USL-NKJ,NRZB,IB,232648.3
USL-NKJ,NRZB,KKI DIST,235749.2
USL-NKJ,NRZB,KKI INNR DIST,236753.85
USL-NKJ,NRZB,KKI HOME,237741.62
USL-NKJ,KKI,KKI STR,238934.13
USL-NKJ,KKI,KKI ADV STR,239277.82
USL-NKJ,KKI,IB DIST,241051.82
USL-NKJ,KKI,IB-INR-DIST,242048.05
USL-NKJ,KKI,IB,243075.98
USL-NKJ,KKI,GATE SIG,244096.72
USL-NKJ,KKI,UMR DIST,248322.59
USL-NKJ,KKI,UMR INNR DIST,249517.37
USL-NKJ,KKI,UMR HOME,250422.74
USL-NKJ,UMR,UMR STR,251753.35
USL-NKJ,UMR,UMR INT STR,252298.11
USL-NKJ,UMR,UMR ADV STR,252777.3
USL-NKJ,UMR,IB DIST,253768.46
USL-NKJ,UMR,IB-INR-DIST,254743.57
USL-NKJ,UMR,IB,255754.81
USL-NKJ,UMR,LOA DIST,258365.38
USL-NKJ,UMR,LOA INNR DIST,259355.15
USL-NKJ,UMR,LOA HOME,260367.21
USL-NKJ,LOA,LOA STR,261389.6
USL-NKJ,LOA,LOA ADV STR,261706.45
USL-NKJ,LOA,IB DIST,263048.67
USL-NKJ,LOA,IB-INR-DIST,264074.12
USL-NKJ,LOA,IB,265096.61
USL-NKJ,LOA,CHD DIST,267331.67
USL-NKJ,LOA,CHD INNR DIST,268285.74
USL-NKJ,LOA,CHD HOME,269257.78
USL-NKJ,CHD,CHD STR,270385.92
USL-NKJ,CHD,CHD ADV STR,270648.84
USL-NKJ,CHD,VYK DIST,276448.41
USL-NKJ,CHD,VYK INNR DIST,277441.01
USL-NKJ,CHD,VYK HOME,278528.05
USL-NKJ,VYK,VYK STR,279396.41
USL-NKJ,VYK,VYK ADV STR,279638.41
USL-NKJ,VYK,NEU SEC,281952.47
USL-NKJ,VYK,RPD DIST,283014.01
USL-NKJ,VYK,RPD INNR DIST,284278.18
USL-NKJ,VYK,RPD HOME,285433.95
USL-NKJ,RPD,RPD STR,286635.44
USL-NKJ,RPD,RPD ADV STR,287262.01
USL-NKJ,RPD,IB DIST,289628.06
USL-NKJ,RPD,IB-INR-DIST,290724.99
USL-NKJ,RPD,IB,291736.66
USL-NKJ,RPD,JLW DIST,294260.9
USL-NKJ,RPD,JLW INNR DIST,295866.94
USL-NKJ,RPD,JLW HOME,296989.46
USL-NKJ,JLW,JLW STR,298651.42
USL-NKJ,JLW,JLW ADV STR,299397.58
USL-NKJ,JLW,INNR DIST,300283.33
USL-NKJ,JLW,NKJ HOME,301276.08
USL-NKJ,JLW,NKJ R HOME,302372.87
USL-NKJ,JLW,NKJ R HOME,303199.29
USL-NKJ,NKJ,NKJ STR,304091.97
USL-NKJ,NKJ,B CABIN HOME,304577.55
USL-NKJ,NKJ,B CABIN ADV STR,305208.27
USL-NKJ,NKJ,A CABIN HOME,306250.99
USL-NKJ,NKJ,A CABIN STR,306922.64
NKJ-USL,NKJ,C CABIN  STR,0
NKJ-USL,NKJ,NKJ INT STR,678.96
NKJ-USL,NKJ,NKJ ADV STR,1402.48
NKJ-USL,NKJ,L XING:,2184.79
NKJ-USL,NKJ,JLW INNR DIST,2444.8
NKJ-USL,NKJ,JLW HOME,3468.35
NKJ-USL,JLW,JLW STR,5073.47
NKJ-USL,JLW,L XING:,5218.91
NKJ-USL,JLW,JLW ADV STR,5809.72
NKJ-USL,JLW,IB DIST,9295.87
NKJ-USL,JLW,IB-INR-DIST,10323.17
NKJ-USL,JLW,IB,11374.58
NKJ-USL,JLW,RPD DIST,13202.28
NKJ-USL,JLW,RPD INNR DIST,14232.06
NKJ-USL,JLW,RPD HOME,15228.4
NKJ-USL,JLW,L XING:,15992.02
NKJ-USL,RPD,RPD STR,16851.77
NKJ-USL,RPD,RPD ADV STR,17186
NKJ-USL,RPD,NEU SEC,20772.14
NKJ-USL,RPD,VYK DIST,21055.21
NKJ-USL,RPD,VYK INNR DIST,22093.61
NKJ-USL,RPD,VYK HOME,23003.78
NKJ-USL,VYK,VKY STR,24073.31
NKJ-USL,VYK,CHD DIST,29792.28
NKJ-USL,VYK,CHD INNR DIST,30740.05
NKJ-USL,VYK,CHD HOME,31813.09
NKJ-USL,CHD,CHD STR,33380.22
NKJ-USL,CHD,CHD ADV STR,33681.78
NKJ-USL,CHD,IB DIST,36545.98
NKJ-USL,CHD,IB-INR-DIST,37561.7
NKJ-USL,CHD,IB,38571.81
NKJ-USL,CHD,LOA INNR DIST,40224.47
NKJ-USL,CHD,LOA HOME,41236.31
NKJ-USL,LOA,LOA STR,42245.36
NKJ-USL,LOA,LOA ADV STR,42527.58
NKJ-USL,LOA,IB DIST,44891.04
NKJ-USL,LOA,IB-INR-DIST,45935.68
NKJ-USL,LOA,IB,46937.89
NKJ-USL,LOA,UMR DIST,48083.33
NKJ-USL,LOA,UMR INNR DIST,49119.96
NKJ-USL,LOA,UMR HOME,50162.67
NKJ-USL,LOA,L XING:,50607.69
NKJ-USL,LOA,UMR R HOME,51236.48
NKJ-USL,UMR,UMR STR,52212.46
NKJ-USL,UMR,UMR ADV STR,52541.97
NKJ-USL,UMR,GATE DIST,56611.16
NKJ-USL,UMR,GATE INNR DIST,57616.38
NKJ-USL,UMR,GATE SIG,58607.87
NKJ-USL,UMR,L XING:,58815.17
NKJ-USL,UMR,IB,59714.99
NKJ-USL,UMR,KKI DIST,61776.98
NKJ-USL,UMR,KKI INNR DIST,62761.04
NKJ-USL,UMR,KKI HOME,63756.42
NKJ-USL,KKI,KKI STR,64884.94
NKJ-USL,KKI,KKI ADV STR,65240.37
NKJ-USL,KKI,IB DIST,67639.14
NKJ-USL,KKI,IB-INR-DIST,68667.54
NKJ-USL,KKI,IB,69749.03
NKJ-USL,KKI,GATE SIG,70966.51
NKJ-USL,KKI,NEU SEC,71166.74
NKJ-USL,KKI,NRZB INNR DIST,72594.27
NKJ-USL,KKI,NRZB HOME,73566.76
NKJ-USL,NRZB,NRZB STR,74706.27
NKJ-USL,NRZB,NRZB ADV STR,75116.75
NKJ-USL,NRZB,L XING:,75748.61
NKJ-USL,NRZB,BRS DIST,78500.62
NKJ-USL,NRZB,BRS INNR DIST,79592.4
NKJ-USL,NRZB,BRS HOME,80632.86
NKJ-USL,BRS,BRS STR,81986.37
NKJ-USL,BRS,BRS ADV STR,82441.66
NKJ-USL,BRS,MDXR DIST,84120.48
NKJ-USL,BRS,MDXR INNR DIST,85266.28
NKJ-USL,BRS,MDXR HOME,86252.05
NKJ-USL,MDXR,MDXR STR,87294.82
NKJ-USL,MDXR,MDXR ADV STR,87654.08
NKJ-USL,MDXR,IB DIST,89092.08
NKJ-USL,MDXR,IB-INR-DIST,90356.47
NKJ-USL,MDXR,IB,91367.78
NKJ-USL,MDXR,GATE INNR DIST,92089.35
NKJ-USL,MDXR,GATE SIG,93034.87
NKJ-USL,MDXR,L XING:,93190.1
NKJ-USL,MDXR,GGT DIST,94509.34
NKJ-USL,MDXR,GGT INNR DIST,95497.55
NKJ-USL,MDXR,GGT HOME,96552.76
NKJ-USL,GGT,GGT STR,97882.11
NKJ-USL,GGT,GGT ADV STR,98193.61
NKJ-USL,GGT,IB DIST,101510.86
NKJ-USL,GGT,IB-INR-DIST,102484.96
NKJ-USL,GGT,IB,103461.79
NKJ-USL,GGT,BDWA DIST,106531.56
NKJ-USL,GGT,BDWA INNR DIST,107688.88
NKJ-USL,GGT,BDWA HOME,108798.68
NKJ-USL,BDWA,BDWA STR,110036.79
NKJ-USL,BDWA,BDWA ADV STR,110268.13
NKJ-USL,BDWA,IB DIST,110982.32
NKJ-USL,BDWA,IB-INR-DIST,111970.65
NKJ-USL,BDWA,IB,113282.36
NKJ-USL,BDWA,NEU SEC,113759.83
NKJ-USL,BDWA,GATE DIST,115066.99
NKJ-USL,BDWA,GATE INNR DIST,116063.74
NKJ-USL,BDWA,GATE SIG,117055.22
NKJ-USL,BDWA,L XING:,117253.26
NKJ-USL,BDWA,SDL HOME,117335.24
NKJ-USL,SDL,SDL STR,118541.7
NKJ-USL,SDL,SDL ADV STR,119260.97
NKJ-USL,SDL,SNGP DIST,121148.1
NKJ-USL,SDL,SNGP INNR DIST,122126.03
NKJ-USL,SDL,SNGP HOME,123132.8
NKJ-USL,SNGP,SNGP STR,124222.17
NKJ-USL,SNGP,SNGP ADV STR,124463.66
NKJ-USL,SNGP,IB DIST,129648.53
NKJ-USL,SNGP,IB-INR-DIST,130630.85
NKJ-USL,SNGP,IB,131656.48
NKJ-USL,SNGP,L XING:,133865.82
NKJ-USL,SNGP,BUH DIST,134357.19
NKJ-USL,SNGP,BUH INNR DIST,135449.75
NKJ-USL,SNGP,BUH HOME,136453.15
NKJ-USL,BUH,BUH STR,137679.41
NKJ-USL,BUH,BUH ADV STR,137898.32
NKJ-USL,BUH,IB DIST,140022.31
NKJ-USL,BUH,IB-INR-DIST,141007.11
NKJ-USL,BUH,IB,141960.09
NKJ-USL,BUH,GATE INNR DIST,143293.98
NKJ-USL,BUH,GATE SIG,144280.21
NKJ-USL,BUH,L XING:,144477.09
NKJ-USL,BUH,AAL HOME,144858.14
NKJ-USL,AAL,AAL STR,145922.83
NKJ-USL,AAL,AAL ADV STR,146622.04
NKJ-USL,AAL,IB DIST,151740.14
NKJ-USL,AAL,IB-INR-DIST,152765.32
NKJ-USL,AAL,IB,154012.6
NKJ-USL,AAL,APR DIST,154885.32
NKJ-USL,AAL,APR INNR DIST,156221.98
NKJ-USL,AAL,APR HOME,157232.77
NKJ-USL,APR,APR STR,158625.63
NKJ-USL,APR,APR ADV STR,159121.45
NKJ-USL,APR,NEU SEC,160040.63
NKJ-USL,APR,CLF DIST,160644.79
NKJ-USL,APR,CLF INNR DIST,161652.36
NKJ-USL,APR,CLF HOME,162649.62
NKJ-USL,CLF,CLF STR,164057.12
NKJ-USL,CLF,CLF ADV STR,164378.2
NKJ-USL,CLF,GATE DIST,165684.05
NKJ-USL,CLF,GATE INNR DIST,166235.46
NKJ-USL,CLF,GATE SIG,167211.87
NKJ-USL,CLF,JTI DIST,169363.91
NKJ-USL,CLF,JTI INNR DIST,170298.37
NKJ-USL,CLF,JTI HOME,171356.7
NKJ-USL,JTI,JTI STR,172847.86
NKJ-USL,JTI,JTI INT STR,173396.57
NKJ-USL,JTI,JTI ADV STR,173615.11
NKJ-USL,JTI,NEU SEC,178656.85
NKJ-USL,JTI,NIQ DIST,179327.47
NKJ-USL,JTI,NIQ INNR DIST,180349.99
NKJ-USL,JTI,NIQ HOME,181379.13
NKJ-USL,NIQ,NIQ STR,182611.39
NKJ-USL,NIQ,NIQ ADV STR,182921.52
NKJ-USL,NIQ,VKR DIST,186475.52
NKJ-USL,NIQ,VKR INNR DIST,187474.89
NKJ-USL,NIQ,VKR HOME,188480.82
NKJ-USL,VKR,VKR STR,189706.61
NKJ-USL,VKR,VKR ADV STR,190093.58
NKJ-USL,VKR,HRB DIST,197223.55
NKJ-USL,VKR,HRB INNR DIST,198271.09
NKJ-USL,VKR,HRB HOME,199282.98
NKJ-USL,HRB,HRB STR,200485.96
NKJ-USL,HRB,HRB ADV STR,201070.88
NKJ-USL,HRB,GATE DIST,204904.94
NKJ-USL,HRB,GATE INNR DIST,205981.56
NKJ-USL,HRB,GATE SIG,206986.65
NKJ-USL,HRB,PND HOME,207361.08
NKJ-USL,PND,PND STR,208810.53
NKJ-USL,PND,PND ADV STR,209317.51
NKJ-USL,PND,NEU SEC,210198.92
NKJ-USL,PND,SBRA DIST,211388.77
NKJ-USL,PND,SBRA INNR DIST,212774.57
NKJ-USL,PND,SBRA HOME,213880.8
NKJ-USL,SBRA,SBRA STR,214966.67
NKJ-USL,SBRA,SBRA ADV STR,215200.83
NKJ-USL,SBRA,KOI DIST,217623.72
NKJ-USL,SBRA,KOI INNR DIST,218780.36
NKJ-USL,SBRA,KOI HOME,219882.1
NKJ-USL,KOI,KOI STR,221007.57
NKJ-USL,KOI,L XING:,221269.29
NKJ-USL,KOI,KOI ADV STR,221330.43
NKJ-USL,KOI,BHTK DIST,230083.43
NKJ-USL,KOI,BHTK INNR DIST,231093.43
NKJ-USL,KOI,BHTK HOME,232090.43
NKJ-USL,BHTK,BHTK STR,232710.7
NKJ-USL,BHTK,BHTK ADV STR,232796.82
NKJ-USL,BHTK,KGS DIST,241548.82
NKJ-USL,BHTK,NEU SEC,241988.28
NKJ-USL,BHTK,KGS INNR DIST,242601.68
NKJ-USL,BHTK,KGS HOME,243612.08
NKJ-USL,KGS,KGS STR,244911.96
NKJ-USL,KGS,KGS ADV STR,245277.38
NKJ-USL,KGS,TGQ DIST,249741.69
NKJ-USL,KGS,TGQ INNR DIST,250785.11
NKJ-USL,KGS,TGQ HOME,251870.63
NKJ-USL,TGQ,TGQ STR,253059.28
NKJ-USL,TGQ,TGQ ADV STR,253375.71
NKJ-USL,TGQ,BIG DIST,259562.15
NKJ-USL,TGQ,BIG INNR DIST,260588.24
NKJ-USL,TGQ,BIG HOME,261575.94
NKJ-USL,BIG,BIG STR,262855.82
NKJ-USL,BIG,BIG ADV STR,263297.29
NKJ-USL,BIG,NEU SEC,264254.4
NKJ-USL,BIG,SLKR DIST,267281.32
NKJ-USL,BIG,SLKR INNR DIST,268272.05
NKJ-USL,BIG,SLKR HOME,269307.81
NKJ-USL,SLKR,SLKR STR,270636.9
NKJ-USL,SLKR,SLKR ADV STR,270980.09
NKJ-USL,SLKR,KGB DIST,274952.58
NKJ-USL,SLKR,KGB INNR DIST,276161.26
NKJ-USL,SLKR,KGB HOME,277198.33
NKJ-USL,KGB,KGB STR,278459.7
NKJ-USL,KGB,KGB ADV STR,278857.82
NKJ-USL,KGB,KLTR DIST,282678.15
NKJ-USL,KGB,KLTR INNR DIST,283759.2
NKJ-USL,KGB,KLTR HOME,284909.67
NKJ-USL,KLTR,KLTR STR,286039.5
NKJ-USL,KLTR,KLTR ADV STR,286374.66
NKJ-USL,KLTR,GTK DIST,290746.62
NKJ-USL,KLTR,NEU SEC,291471.42
NKJ-USL,KLTR,GTK INNR DIST,291753.08
NKJ-USL,KLTR,GTK HOME,293116.21
NKJ-USL,GTK,GTK STR,294462.18
NKJ-USL,GTK,GTK ADV STR,294891.85
NKJ-USL,GTK,A:AK8,296159.78
NKJ-USL,GTK,A:AK6,297513.26
NKJ-USL,GTK,A:AK4,298524.97
NKJ-USL,GTK,USL HOME,300527.93
NKJ-USL,USL,USL STR,302084.83
SDL-ABKP,SDL,SDL STR,0
SDL-ABKP,SDL,SDL ADV STR,752.73
SDL-ABKP,SDL,DIST,2621.9
SDL-ABKP,SDL,SNGP INNR DIST,3624.27
SDL-ABKP,SDL,SNGP HOME,4620.62
SDL-ABKP,SNGP,SNGP STR,5684.2
SDL-ABKP,SNGP,SNGP ADV STR,5983.91
SDL-ABKP,SNGP,IB DIST,10941.84
SDL-ABKP,SNGP,IB-INR-DIST,11997.2
SDL-ABKP,SNGP,IB,13062.1
SDL-ABKP,SNGP,L XING:,15339.73
SDL-ABKP,SNGP,BUH DIST,15740.16
SDL-ABKP,SNGP,BUH INNR DIST,16786.86
SDL-ABKP,SNGP,BUH HOME,17844.8
SDL-ABKP,BUH,BUH STR,19169.7
SDL-ABKP,BUH,BUH ADV STR,19449.61
SDL-ABKP,BUH,IB DIST,21499.32
SDL-ABKP,BUH,IB-INR-DIST,22492.46
SDL-ABKP,BUH,IB,23454.19
SDL-ABKP,BUH,GATE INNR DIST,24694.97
SDL-ABKP,BUH,GATE SIG,25735.18
SDL-ABKP,BUH,L XING:,25931.05
SDL-ABKP,BUH,AAL HOME,26269.61
SDL-ABKP,AAL,AAL STR,27807.96
SDL-ABKP,AAL,AAL ADV STR,28067.36
SDL-ABKP,AAL,IB DIST,33222.27
SDL-ABKP,AAL,IB-INR-DIST,34232.51
SDL-ABKP,AAL,IB,35500.75
SDL-ABKP,AAL,APR DIST,36376.85
SDL-ABKP,AAL,APR INNR DIST,37704.98
SDL-ABKP,AAL,APR HOME,38695.25
SDL-ABKP,APR,APR STR,40108.07
SDL-ABKP,APR,APR ADV STR,40578.73
SDL-ABKP,APR,NEU SEC,41464.35
SDL-ABKP,APR,MZH DIST,45545.98
SDL-ABKP,APR,MZH HOME,46623.67
SDL-ABKP,MZH,MZH STR,47765.28
SDL-ABKP,MZH,MZH ADV STR,48035.22
SDL-ABKP,MZH,HALT DRSH,55262.12
SDL-ABKP,MZH,HRV DIST,60220.71
SDL-ABKP,MZH,HRV HOME,61246.12
SDL-ABKP,HRV,HRV STR,62631.85
SDL-ABKP,HRV,HRV ADV STR,63144.68
SDL-ABKP,HRV,KTMA DIST,69007.95
SDL-ABKP,HRV,KTMA HOME,70102.73
SDL-ABKP,KTMA,KTMA STR,71401.77
SDL-ABKP,KTMA,KTMA ADV STR,71918.77
SDL-ABKP,KTMA,NEU SEC,73676.1
SDL-ABKP,KTMA,BATL DIST,77359.67
SDL-ABKP,BATL,BATL STR,78355.72
SDL-ABKP,BATL,BJRI DIST,84834.77
SDL-ABKP,BATL,BJRI HOME,85850.68
SDL-ABKP,BJRI,BJRI STR,87233.75
SDL-ABKP,BJRI,BJRI ADV STR,87721.36
SDL-ABKP,BJRI,GATE SIG,88520.57
SDL-ABKP,BJRI,L XING:,88710.16
SDL-ABKP,BJRI,BRND DIST,93205.57
SDL-ABKP,BJRI,BRND HOME,94337.12
SDL-ABKP,BRND,BRND STR,95507.02
SDL-ABKP,BRND,BRND ADV STR,95881.04
SDL-ABKP,BRND,IB DIST,99814.05
SDL-ABKP,BRND,IB,100723.42
SDL-ABKP,BRND,GATE DIST,103194.35
SDL-ABKP,BRND,NEU SEC,103759.02
SDL-ABKP,BRND,GATE SIG,104209.42
SDL-ABKP,BRND,L XING:,104410.1
SDL-ABKP,BRND,UKR HOME,104754.45
SDL-ABKP,BRND,L XING:,105222.86
SDL-ABKP,UKR,UKR STR,106085.06
SDL-ABKP,UKR,UKR ADV STR,106300.2
SDL-ABKP,UKR,IB-DIST,113400.79
SDL-ABKP,UKR,HALT NPRD,113585
SDL-ABKP,UKR,IB,114505.94
SDL-ABKP,UKR,DTL DIST,117495.81
SDL-ABKP,UKR,DTL HOME,118556.65
SDL-ABKP,DTL,DTL STR,119746.76
SDL-ABKP,DTL,DTL ADV STR,120148.71
SDL-ABKP,DTL,NGE DIST,124138.67
SDL-ABKP,DTL,NGE HOME,125340.46
SDL-ABKP,NGE,NGE STR,126525.78
SDL-ABKP,NGE,NGE ADV STR,126809.49
SDL-ABKP,NGE,DIST,131999.94
SDL-ABKP,NGE,BRH HOME,133019.35
SDL-ABKP,BRH,BRH STR,134338.64
SDL-ABKP,BRH,BRH ADV STR,134626.23
SDL-ABKP,BRH,IB-DIST,140801.55
SDL-ABKP,BRH,IB,141797.91
SDL-ABKP,BRH,KTO DIST,148037.68
SDL-ABKP,BRH,KTO HOME,149055.4
SDL-ABKP,KTO,KTO STR,150337.92
SDL-ABKP,KTO,KTO ADV STR,150537.03
SDL-ABKP,KTO,NEU SEC,150919.03
SDL-ABKP,KTO,SPRD DIST,155871.5
SDL-ABKP,KTO,SPRD HOME,156884.64
SDL-ABKP,SPDR,SPRD STR,158466.05
SDL-ABKP,SPDR,SPRD ADV STR,158764.66
SDL-ABKP,SPDR,GATE SIG,159416.08
SDL-ABKP,SPDR,L XING:,159651.38
SDL-ABKP,SPDR,HALT SPDR,160445.17
SDL-ABKP,SPDR,GATE DIST,169372.62
SDL-ABKP,SPDR,GATE SIG,170395.2
SDL-ABKP,SPDR,L XING:,170581.63
SDL-ABKP,SPDR,SJQ HOME,170733.12
SDL-ABKP,SJQ,SJQ STR,172104.17
SDL-ABKP,SJQ,SJQ ADV STR,172482.09
SDL-ABKP,SJQ,KJZ DIST,175240.4
SDL-ABKP,SJQ,KJZ HOME,176306.84
SDL-ABKP,KJZ,KJZ STR,177733.66
SDL-ABKP,KJZ,KJZ ADV STR,178174.87
SDL-ABKP,KJZ,GATE DIST,181186.7
SDL-ABKP,KJZ,GATE SIG,182196.59
SDL-ABKP,KJZ,L XING:,182399.54
SDL-ABKP,KJZ,BSPR DIST,188284.22
SDL-ABKP,KJZ,BSPR HOME,189284.61
SDL-ABKP,KJZ,L XING:,189497.73
SDL-ABKP,BSPR,BSPR STR,190869.62
SDL-ABKP,BSPR,BSPR ADV STR,191165.66
SDL-ABKP,BSPR,GATE SIG,191492.13
SDL-ABKP,BSPR,L XING:,191675.86
SDL-ABKP,BSPR,KLPG DIST,198081.76
SDL-ABKP,BSPR,KLPG HOME,199067.58
SDL-ABKP,KLPG,KLPG STR,200256.83
SDL-ABKP,KLPG,KLPG ADV STR,200541.61
SDL-ABKP,KLPG,ABKP DIST,206385.06
SDL-ABKP,KLPG,ABKP HOME,207364.36
SDL-ABKP,ABKP,ABKP STR,208484.36
ABKP-SDL,ABKP,ABKP STR,0
ABKP-SDL,ABKP,ABKP ADV STR,472.66
ABKP-SDL,ABKP,KLPG DIST,6272.66
ABKP-SDL,ABKP,KLPG HOME,7300.95
ABKP-SDL,KLPG,KLPG STR,8597.75
ABKP-SDL,KLPG,KLPG ADV STR,8849.34
ABKP-SDL,KLPG,GATE DIST,16605.8
ABKP-SDL,KLPG,GATE SIG,17563.37
ABKP-SDL,KLPG,L XING:,17764.88
ABKP-SDL,KLPG,BSPR HOME,18031.62
ABKP-SDL,BSPR,BSPR STR,19315.09
ABKP-SDL,BSPR,BSPR ADV STR,19787.43
ABKP-SDL,BSPR,L XING:,19931.29
ABKP-SDL,BSPR,GATE DIST,25656.94
ABKP-SDL,BSPR,GATE SIG,26661.07
ABKP-SDL,BSPR,L XING:,26848.83
ABKP-SDL,BSPR,KJZ DIST,29900.3
ABKP-SDL,BSPR,KJZ HOME,30898.58
ABKP-SDL,KJZ,KJZ STR,32305.16
ABKP-SDL,KJZ,INT STR,32629.67
ABKP-SDL,KJZ,KJZ ADV STR,32806.15
ABKP-SDL,KJZ,SJQ DIST,35549.87
ABKP-SDL,KJZ,SJQ HOME,36578.24
ABKP-SDL,SJQ,SJQ STR,37956.29
ABKP-SDL,SJQ,SJQ ADV STR,38333.16
ABKP-SDL,SJQ,L XING:,38671.08
ABKP-SDL,SJQ,GATE DIST,48401.26
ABKP-SDL,SJQ,SPDR PH,48936.44
ABKP-SDL,SJQ,GATE SIG,49451.46
ABKP-SDL,SJQ,L XING:,49606.3
ABKP-SDL,SJQ,SPRD HOME,50295.2
ABKP-SDL,SPDR,SPRD STR,51858.12
ABKP-SDL,SPDR,SPRD ADV STR,52167.48
ABKP-SDL,SPDR,NEU SEC,55955.39
ABKP-SDL,SPDR,KTO DIST,56370.54
ABKP-SDL,SPDR,KTO HOME,57452.83
ABKP-SDL,KTO,KTO STR,58621.86
ABKP-SDL,KTO,KTO ADV STR,58984.62
ABKP-SDL,KTO,IB DIST,64783.74
ABKP-SDL,KTO,IB,65856.93
ABKP-SDL,KTO,BRH DIST,72263.19
ABKP-SDL,KTO,BRH HOME,73297.15
ABKP-SDL,BRH,BRH STR,74596.13
ABKP-SDL,BRH,BRH ADV STR,74887.9
ABKP-SDL,BRH,NGE DIST,80138.12
ABKP-SDL,BRH,NGE HOME,81193
ABKP-SDL,NGE,NGE STR,82398.18
ABKP-SDL,NGE,NGE ADV STR,82684.89
ABKP-SDL,NGE,DTL DIST,86709.57
ABKP-SDL,NGE,DTL HOME,87767.02
ABKP-SDL,DTL,DTL STR,89106.2
ABKP-SDL,DTL,DTL ADV STR,89378.54
ABKP-SDL,DTL,IB DIST,92122.1
ABKP-SDL,DTL,IB,93015.31
ABKP-SDL,DTL,NPRD PH,93890.88
ABKP-SDL,DTL,UKR DIST,100631.06
ABKP-SDL,DTL,UKR HOME,101624.67
ABKP-SDL,UKR,UKR STR,102794.12
ABKP-SDL,UKR,UKR ADV STR,103042.03
ABKP-SDL,UKR,NEU SEC,103658.1
ABKP-SDL,UKR,GATE SIG,103768.62
ABKP-SDL,UKR,L XING:,103970.84
ABKP-SDL,UKR,IB DIST,105954.23
ABKP-SDL,UKR,IB,107054.72
ABKP-SDL,UKR,BRND DIST,112329.27
ABKP-SDL,UKR,BRND HOME,113185.39
ABKP-SDL,BRND,BRND STR,114422.53
ABKP-SDL,BRND,BRND ADV STR,114836.9
ABKP-SDL,BRND,GATE DIST,119131.34
ABKP-SDL,BRND,GATE SIG,120137.43
ABKP-SDL,BRND,L XING:,120372.72
ABKP-SDL,BRND,BJRI HOME,121279.3
ABKP-SDL,BJRI,BJRI STR,122585.23
ABKP-SDL,BJRI,BJRI ADV STR,123082.21
ABKP-SDL,BJRI,BATL DIST,128138.8
ABKP-SDL,BATL,BATL STR,129155.7
ABKP-SDL,BATL,NEU SEC,135229.22
ABKP-SDL,BATL,KTMA DIST,135594.11
ABKP-SDL,BATL,KTMA HOME,136964.51
ABKP-SDL,KTMA,KTMA STR,138412.92
ABKP-SDL,KTMA,KTMA ADV STR,138651.04
ABKP-SDL,KTMA,HRV DIST,144619.64
ABKP-SDL,KTMA,HRV HOME,145693.76
ABKP-SDL,HRV,HRV STR,147271.61
ABKP-SDL,HRV,HRV ADV STR,147604.59
ABKP-SDL,HRV,DRSN PH,153745.86
ABKP-SDL,HRV,MZH DIST,159714.59
ABKP-SDL,HRV,MZH HOME,160745.35
ABKP-SDL,MZH,MZH STR,161856.6
ABKP-SDL,MZH,MZH ADV STR,162364.23
ABKP-SDL,MZH,APR DIST,167182.87
ABKP-SDL,MZH,NEU SEC,167428.25
ABKP-SDL,MZH,APR HOME,168268.18
ABKP-SDL,APR,APR STR,169710.89
ABKP-SDL,APR,APR ADV STR,170101.78
ABKP-SDL,APR,IB-INR-DIST,170821.95
ABKP-SDL,APR,IB,171861.4
ABKP-SDL,APR,AAL DIST,178747.8
ABKP-SDL,APR,AAL INNR DIST,179793.21
ABKP-SDL,APR,AAL HOME,180763.41
ABKP-SDL,AAL,AAL STR,182215.57
ABKP-SDL,AAL,AAL ADV STR,182688.29
ABKP-SDL,AAL,GATE SIG,182881.73
ABKP-SDL,AAL,L XING:,183069.82
ABKP-SDL,AAL,IB-INR-DIST,183517.94
ABKP-SDL,AAL,IB,184536.62
ABKP-SDL,AAL,BUH DIST,187050.93
ABKP-SDL,AAL,BUH INNR DIST,188075.63
ABKP-SDL,AAL,BUH HOME,189092.04
ABKP-SDL,BUH,BUH STR,190419.88
ABKP-SDL,BUH,BUH ADV STR,191026.83
ABKP-SDL,BUH,IB DIST,193164.6
ABKP-SDL,BUH,L XING:,193448.11
ABKP-SDL,BUH,IB INNR DIST,194227.14
ABKP-SDL,BUH,IB,195329.5
ABKP-SDL,BUH,SNGP DIST,200693.22
ABKP-SDL,BUH,SNGP INNR DIST,201685.34
ABKP-SDL,BUH,SNGP HOME,202707.3
ABKP-SDL,SNGP,SNGP STR,203818.15
ABKP-SDL,SNGP,SNGP ADV STR,204061.22
ABKP-SDL,SNGP,SDL DIST,205636.42
ABKP-SDL,SNGP,SDL INNR DIST,206832.38
ABKP-SDL,SNGP,SDL HOME,207877.44
ABKP-SDL,SDL,SDL STR,208922.44
